Make,Model,Year,Mileage,EngineSize,Horsepower,FuelType,Transmission,Color,OwnerCount,Warranty,CityMPG,HighwayMPG,SafetyRating,PopularityScore,Price
BMW,Hatchback,2021,80231.51828328046,3.5743107807861,487.14401393801216,Gasoline,Automatic,White,4,Yes,28.559267926675496,40.96417255879568,4,91.32296862792705,14546.0
Audi,Sedan,2016,90734.93818301475,3.105610643744453,218.1779109909681,Electric,Manual,Blue,2,No,14.748363820364458,30.54663841755506,5,38.797275439788635,10335.0
Toyota,Sedan,2008,62855.39206116889,3.9263580870213275,407.68925913525345,Diesel,Automatic,Red,3,Yes,49.22272908242894,51.13553466868442,3,82.95658314283686,10077.0
BMW,Truck,2000,12940.437629194545,1.3265199281223583,349.8654275417055,Gasoline,Manual,White,4,Yes,18.58783549853422,39.31255019343395,1,13.36956543994362,10611.0
BMW,Hatchback,2020,53603.60003865563,1.2414083359622552,252.77585586115836,Gasoline,Manual,Black,4,No,12.689367203622446,18.567612808403627,2,93.53944896677987,45857.0
Audi,Sedan,2019,121413.75004671166,1.9884129360405858,182.27490487822206,Electric,Automatic,Black,2,No,33.79389518007638,40.4632752140961,2,75.14233175313026,40660.0
Toyota,Truck,2012,5671.643335667414,1.6381787204527534,148.55456726376258,Gasoline,Automatic,Silver,4,Yes,39.554667085321306,55.86083454397481,1,94.13343927869016,10577.0
Toyota,Hatchback,2015,53357.379895215905,4.487134266368807,346.00518721554664,Gasoline,Manual,Blue,4,No,11.297737841887479,32.83406814741993,2,67.66172335525064,25002.0
BMW,Truck,2012,62734.46057068678,1.8768559494321773,409.8535122551152,Gasoline,Automatic,Silver,2,No,36.34870554908089,28.334661085491003,2,36.3403931999427,44451.0
Ford,SUV,2013,82922.36242599881,4.903461023276526,357.56170141645225,Gasoline,Automatic,Silver,2,No,31.291675038058177,21.4561255658109,1,93.81811725247225,39275.0
BMW,Sedan,2002,138379.06437985026,2.3475831670844274,312.12085329966334,Gasoline,Manual,Silver,4,Yes,14.130600355001937,21.81504848709108,1,27.556677630917846,33647.0
BMW,SUV,2005,55220.16918306438,1.7284716627547971,116.7804893726545,Gasoline,Manual,Black,3,No,16.900955077854483,34.47471679538185,3,33.21725220617326,39831.0
BMW,Hatchback,2017,55308.21427495302,4.1587940285699165,487.3955110377535,Diesel,Manual,Black,1,No,32.718971892643225,41.80559208726883,3,70.08084180017403,39768.0
BMW,SUV,2018,111937.68097591352,3.6348311020035045,419.4856766618298,Electric,Automatic,Silver,4,No,21.854304540531537,18.62769323263208,1,76.53162995253862,35962.0
Audi,SUV,2004,70571.60142902203,2.992782865812556,217.12881468038591,Diesel,Automatic,Black,4,Yes,47.53262914605264,57.28058650613246,4,92.94034838491538,34583.0
Toyota,Hatchback,2014,,3.221454203750525,491.98813174354024,Gasoline,Automatic,Blue,3,No,42.74960917936203,48.98101278503382,2,20.48024090562095,6294.0
Audi,Truck,2024,70603.72983924054,3.8768071130890553,340.7526358545289,Gasoline,Automatic,Silver,4,Yes,49.342688260546524,41.39807632276482,3,79.7998035219224,20096.0
Audi,SUV,2001,25424.26795507098,1.913818965325195,332.96906328289856,Electric,Manual,Black,4,No,20.38683355801656,52.279740192254586,2,73.85460533969635,41833.0
Audi,Truck,2009,30576.11304340238,4.985335664226968,399.2292717718128,Diesel,Automatic,White,1,Yes,48.78894531191908,18.608404056545098,5,6.379455625359787,32328.0
BMW,SUV,2023,77263.32704722456,4.8991726485871325,424.70791523605504,Electric,Manual,Silver,1,No,27.249354791662313,36.4577494979906,1,38.722314121020695,29398.0
Ford,Truck,2017,65744.19017815945,3.6013027453877475,362.59144293260107,Diesel,Automatic,Silver,1,No,23.900751812550183,43.35419070877485,4,28.27654570600986,22706.0
Toyota,Hatchback,2012,137652.6556548745,1.7981698037165805,151.23829854648,Gasoline,Manual,Blue,2,Yes,12.01398107877413,52.28938077532302,5,30.44904243540304,27340.0
Ford,SUV,2004,57547.1153719118,3.7209129697251653,235.30700239779935,Electric,Manual,Red,2,Yes,12.110610314384104,50.256130202217044,5,98.29468795547008,23825.0
Audi,Hatchback,2022,89185.3107903163,1.2887936359167034,471.2334561304199,Electric,Manual,Red,1,Yes,37.68045023786619,27.468116237102983,5,64.27774134799279,22482.0
Audi,SUV,2023,96678.3217483319,1.1226100088232243,189.84624473754076,Gasoline,Automatic,Blue,1,No,28.317159777361116,57.339607630164195,1,71.76761577934995,14318.0
Ford,Hatchback,2000,6898.696205308377,2.0307315540448547,248.86680953500533,Electric,Manual,Blue,2,No,19.060865041444227,20.595562864389166,3,97.66176373150091,46256.0
Ford,Hatchback,2021,101212.91894242304,2.850491826957265,272.8307531776784,Diesel,Manual,Blue,3,No,34.55881225300931,54.38101283795184,1,37.72017824576387,49009.0
Ford,SUV,2000,30815.215196113957,4.4730900216335225,275.76199587778086,Diesel,Automatic,Red,4,No,20.114324730004448,58.692311232207835,3,80.1840168452806,48185.0
Audi,SUV,2017,,3.908676279065232,345.1758329978102,Diesel,Manual,Blue,4,Yes,33.1052701737769,22.971908545018152,5,43.45309633044954,20574.0
Audi,SUV,2014,26556.095524201377,3.970826084799924,477.230335097883,Diesel,Automatic,Black,1,No,24.368349879307615,47.49297288917034,5,86.95336718149798,19650.0
Toyota,Sedan,2016,65120.49794041844,2.7019733377923014,196.27708473300197,Gasoline,Automatic,Silver,3,No,42.94208906447276,16.812848345009932,4,18.06575413113032,33930.0
Toyota,Truck,2010,17375.701871403362,2.3837399701878517,148.60055052036722,Electric,Manual,Silver,2,No,42.82784643067117,33.24402713126197,3,94.76861770642796,25171.0
Audi,Sedan,2020,149546.76651766236,2.484155051938411,178.98819594397492,Diesel,Manual,White,1,No,29.094015924896052,38.232748463895334,5,21.877170841087967,39864.0
Ford,Sedan,2024,77818.27649803017,4.950598254944231,454.7699600837078,Gasoline,Automatic,White,3,No,24.032764373400624,41.12903516593353,2,32.622050698093155,16801.0
Ford,Hatchback,2021,91330.82751140634,1.16043676564993,358.3243250620824,Electric,Manual,Silver,3,No,24.50239186236378,57.11717617118518,4,75.61922341067805,27372.0
Toyota,SUV,2016,14726.089221321985,4.468125984489794,214.36271569566406,Electric,Automatic,Black,3,No,42.22858102672872,45.25128092823876,1,39.37551415654067,21559.0
Audi,Truck,2012,113744.26820788078,3.3147016342895737,426.3787755874469,Gasoline,Automatic,Red,2,Yes,23.12717931190448,36.657507804865666,4,60.82113767664467,37334.0
Toyota,Hatchback,2000,35436.31099885993,2.754461676758362,444.5479985453744,Gasoline,Automatic,Red,2,No,18.36237494827384,51.43537663196502,2,44.45735010694285,44937.0
Toyota,Sedan,2001,135217.8719689035,3.901030641660546,438.6057354761112,Diesel,Manual,Black,4,No,13.387533675012273,57.7739769429484,3,74.23699370897819,18288.0
BMW,SUV,2008,34745.24786989104,2.9466757656988114,467.5706134558218,Electric,Automatic,Red,4,No,28.667724835376337,15.992976690703088,1,22.833125236861086,27398.0
BMW,Hatchback,2002,32649.719496231653,4.493692952326642,200.89640806934463,Electric,Manual,Blue,3,No,29.285283956793677,59.21345725152174,1,5.8457987236877,15694.0
BMW,SUV,2000,10299.701837973756,4.602807456045034,402.01677149851133,Gasoline,Manual,Silver,3,Yes,43.636348416116284,18.875946257865614,3,29.992939747306625,17191.0
Ford,Hatchback,2020,73449.70704094988,2.6868837074938217,284.215798909656,Electric,Manual,Silver,2,Yes,18.84954785784256,51.64740506709426,4,47.43086648684303,23051.0
Audi,SUV,2015,86901.96432307939,2.1073111889402063,436.7994211560246,Diesel,Manual,Black,4,Yes,25.239650946735996,27.615063864813564,5,16.80200521926786,15737.0
Audi,Sedan,2022,14527.752717111092,3.369401314373449,391.39627086464526,Electric,Automatic,Red,3,Yes,42.336229555747636,20.94808459892423,4,35.47972896563887,30251.0
Audi,Truck,2005,117451.50442077653,4.649453382466763,410.57897859988987,Gasoline,Manual,White,4,Yes,42.94494442995894,34.793503787122575,2,39.998301829356855,10147.0
Audi,Sedan,2016,70726.88103846401,1.8426487560226663,362.4647350724286,Gasoline,Automatic,White,4,Yes,25.384443039150728,43.97804607514261,5,5.739184368827354,24643.0
BMW,Truck,2004,81036.58905249911,3.491866334253931,170.97150778788273,Diesel,Automatic,Red,3,No,28.364960931467238,32.14283302605638,4,58.33072481842046,43967.0
Ford,SUV,2004,68910.59830604307,3.526240880370082,318.01076755877534,Diesel,Manual,White,2,Yes,22.131435633971318,17.455443372721454,3,88.43434279712875,38314.0
Ford,Hatchback,2005,63110.64382692227,3.932452089661124,493.86789580980326,Electric,Automatic,Black,3,Yes,47.30219513677248,41.97575128464224,2,15.174291295305242,42999.0
BMW,Sedan,2002,86147.8480396916,1.5262707405090392,474.95522659884756,Electric,Automatic,Black,3,No,14.745750629663213,55.60814742498036,2,59.7808013401514,45733.0
Ford,Truck,2020,27509.835659953314,3.8632998587283542,117.26949431880468,Gasoline,Manual,Red,4,Yes,47.3499769200588,32.244691467626325,2,66.47392049108463,23467.0
BMW,Sedan,2022,31379.578921814315,4.636130082662564,165.92592629177486,Diesel,Automatic,White,3,No,37.35465807341373,24.73497499338722,5,41.93346804192883,39808.0
Audi,Truck,2004,129958.91504696001,1.7187324354809679,152.69150938182477,Diesel,Automatic,Black,2,No,31.26288610746925,34.91598056697669,1,70.109758736427,6752.0
BMW,Sedan,2020,142186.74200937676,1.9501732996955106,390.3919639941182,Diesel,Automatic,Black,3,Yes,11.306362431379835,17.17632199719514,5,41.0731543491012,6849.0
Audi,Truck,2004,59129.85086056418,4.885580376166558,427.11413194277804,Electric,Automatic,Blue,2,No,29.023847672880333,51.921941301612364,4,50.46372879774349,7642.0
Audi,Truck,2009,,1.723907810837959,185.40454652426877,Diesel,Manual,Blue,2,Yes,26.309924200109293,52.1853364927584,1,0.735304455442698,6600.0
Toyota,SUV,2009,98379.93376965729,4.4175403734783165,302.3410771807316,Gasoline,Automatic,Black,4,Yes,16.448752479004902,41.46002085433328,4,69.17201141346888,25786.0
BMW,Truck,2018,64266.45480922398,2.969111425792139,436.28121120448,Gasoline,Automatic,Red,1,No,36.25638414002628,30.889630002227527,1,66.13426789447244,49565.0
Toyota,SUV,2016,,1.9889242976127082,393.12061790650023,Electric,Automatic,Silver,1,No,48.846036294731434,50.99025140006025,5,3.8400877326344562,25183.0
BMW,Truck,2020,27642.1266180976,4.482999605090045,316.89488219673933,Electric,Automatic,Silver,4,Yes,32.487552442581006,39.96091611547652,2,36.82501073951331,6132.0
BMW,Hatchback,2013,108815.97318287264,2.781221020010662,336.13907618350913,Diesel,Manual,Black,3,No,38.59013105775783,52.16695388475073,3,97.90318407916673,43259.0
Toyota,Hatchback,2008,100543.97157697195,3.0592694157187608,303.344218766512,Electric,Automatic,Black,4,No,12.738018102640671,43.41564566623593,2,42.07365625686168,36076.0
Toyota,Hatchback,2013,8928.918913005105,2.4369334775990628,219.01938052752823,Gasoline,Manual,Black,2,Yes,26.70667983267979,50.298246294575875,5,50.19454051318417,43563.0
BMW,Truck,2000,37185.96348027767,3.3718034057397097,326.00879714360644,Diesel,Automatic,Red,1,Yes,14.654339406579835,41.935334694799195,1,90.99301581597186,31691.0
Ford,SUV,2018,38505.84550527035,1.654095490340091,375.55412082003625,Gasoline,Manual,Blue,4,No,34.511833421460416,33.63634806970498,2,71.72618758657563,48299.0
Audi,SUV,2012,102424.44782181561,2.564326146607043,449.3291663443231,Diesel,Manual,Black,3,Yes,47.539286328566185,58.10756369667619,5,58.20701311242236,15931.0
Toyota,Truck,2012,7858.027974382802,4.87764928934115,354.51654159169925,Electric,Manual,Black,4,Yes,36.47110929886554,39.35012211954802,4,79.78046813410725,12633.0
Audi,Hatchback,2003,20095.744387763207,2.03253373080451,404.4486148172632,Diesel,Manual,White,1,Yes,13.072121932576861,42.22902833432423,3,86.43662664559733,42777.0
Ford,Hatchback,2000,120987.83237911246,3.626946658165169,164.0286539818292,Diesel,Manual,Red,4,Yes,24.186648199403315,24.921943773663717,2,45.68880717372669,39881.0
Ford,SUV,2016,30888.975997878373,2.3007602568987795,284.62298976791595,Gasoline,Automatic,Black,4,Yes,32.02653517763406,43.15428552422744,1,47.51083649318354,6044.0
Ford,Hatchback,2007,99648.18563852183,4.093892502746403,103.73264793083732,Gasoline,Automatic,White,1,Yes,26.128310245330088,40.722344226732474,4,38.60509356518358,40199.0
Toyota,Sedan,2001,39536.50325177534,1.5234946428733993,198.67154580864923,Diesel,Automatic,Silver,2,Yes,43.34576041900689,23.317727907616124,5,96.67061400184606,29363.0
Ford,SUV,2007,19419.00195010505,4.879284180314179,390.5846860452019,Electric,Manual,Black,2,No,42.58684018839957,17.681419380891466,3,69.71662542903503,6582.0
Toyota,Hatchback,2006,40259.967694920844,2.815158165534557,496.72398053974536,Electric,Automatic,Black,1,Yes,34.47324080412886,42.1961693871647,1,8.322306620807229,19374.0
Ford,SUV,2001,109728.70511907058,1.9442018533858558,139.67123983488636,Gasoline,Manual,White,4,No,24.93831780530821,49.366152120764426,5,86.29596233130185,6308.0
Audi,Sedan,2021,129075.98787541143,1.2939869893200506,260.5977263445153,Electric,Manual,Red,1,No,20.213454950529766,38.55306169149037,5,48.05599408362681,26301.0
Audi,SUV,2021,125381.88036221378,1.679031620350163,420.0283874796638,Gasoline,Automatic,Black,2,No,14.234972728525172,25.204768139384058,2,6.875390642248746,13793.0
BMW,SUV,2002,,3.0790957942240706,181.61425385155954,Electric,Automatic,Silver,3,Yes,24.19590733946216,44.99348895118657,2,54.971725516331105,6620.0
Audi,SUV,2017,101872.3448027437,2.348012705725145,322.0339797209145,Diesel,Manual,Black,4,Yes,26.526900688308782,18.604757697432103,1,41.716427897570206,34883.0
BMW,SUV,2011,34722.722835294044,4.315533463530437,393.2285184118699,Gasoline,Manual,Silver,2,No,37.03291700416294,34.882516716087956,5,87.7749404862625,42534.0
Audi,Sedan,2000,47506.42088784692,2.7235500946472238,346.3941801040716,Gasoline,Automatic,Blue,4,Yes,36.32639297190294,22.35150412792891,2,20.399460360938736,42960.0
Toyota,Truck,2021,134968.69368556235,1.9948570903505196,175.20989384616644,Diesel,Automatic,Blue,1,No,12.804325585650279,23.30065729769475,3,82.6464609492183,44390.0
Audi,SUV,2011,6885.278909056725,3.46857994641612,242.15382747429578,Gasoline,Automatic,Silver,3,Yes,25.810372617246312,24.103227712119164,3,55.768869118545275,11093.0
BMW,SUV,2004,17398.736973897874,3.8271088675417833,413.5167137941589,Electric,Automatic,Red,1,Yes,17.271154688694477,32.401817566979005,5,5.461030321346905,27259.0
BMW,Hatchback,2024,35143.506996173965,1.6681676316037994,321.69060565280665,Electric,Manual,Black,3,No,16.27250821267223,17.301759252917893,2,97.18453013254846,38482.5
Ford,SUV,2016,8847.169561703859,1.6704768651532707,102.09184541716509,Gasoline,Automatic,Black,4,No,43.09208598948984,32.900704841809414,1,51.26152441031999,38005.0
Toyota,Hatchback,2015,31308.13808802061,1.1466857077341719,404.39630401123753,Electric,Automatic,Blue,4,No,11.676608668650301,38.026835120161536,1,29.08768542315825,36629.0
Audi,Truck,2014,89541.02634060537,3.945608060262562,114.12454197609563,Gasoline,Automatic,Silver,1,Yes,26.767315036084852,36.74824282348463,1,46.94068419892581,28610.0
Ford,Sedan,2022,66106.5598359122,3.6552181104872203,398.29351309249284,Diesel,Manual,Black,3,No,16.728146230660727,32.225284518136824,3,85.7857783517489,26602.0
Audi,Sedan,2014,134437.39810616136,2.8985235029992555,180.99222406609496,Gasoline,Manual,Black,3,Yes,45.17320862713896,52.76159736318386,2,30.49031243850635,25409.0
Audi,Truck,2004,123529.31645207394,4.376681795876788,483.22939204775207,Diesel,Manual,Red,4,Yes,32.28162053100141,21.539701158922686,2,19.26763964867003,16110.0
Ford,Sedan,2020,,4.222680611800213,247.1763005208338,Electric,Manual,White,1,Yes,19.25522545507392,37.75635347016183,3,12.907124693088146,11073.0
Ford,Truck,2013,42616.39784753741,3.3414174575870086,230.77264653523164,Diesel,Automatic,Blue,3,No,30.097091486655057,17.791863763044944,1,29.785939839021125,40310.0
Ford,Truck,2001,60055.3991842537,4.4730851220530345,159.55522013297787,Electric,Manual,Blue,4,No,39.25945438812463,18.202005549505937,1,78.00480870400435,20282.0
Ford,Truck,2010,90592.76666464712,1.823364840147073,222.24168619608594,Gasoline,Automatic,White,2,No,48.32472035677735,40.823963235469336,5,47.16263651952617,15195.0
Ford,Sedan,2018,43869.227919317054,1.4476784775909115,450.66030473128023,Electric,Automatic,Black,1,Yes,18.81784016981676,40.470829119951944,4,22.748160369353997,6537.0
Audi,Hatchback,2006,95501.59163812443,2.0789984460679585,498.53373505089894,Gasoline,Automatic,Red,2,Yes,45.44727088517381,54.51150807800056,2,16.61849996097492,22138.0
Ford,Truck,2005,64364.68956772986,1.2283474243572594,247.32381220273933,Gasoline,Automatic,Red,1,No,47.37216456669961,40.10431540470329,2,33.27294765103791,49328.0
Toyota,SUV,2001,85046.84122353714,3.124678112004128,279.444252381817,Diesel,Manual,Blue,4,Yes,46.65682178128265,58.19059591821826,2,93.99243728857088,45164.0
BMW,Sedan,2005,68238.34672462092,4.746422769179846,388.8283752810948,Diesel,Manual,Red,3,Yes,35.41657427447639,17.19126817799684,4,34.30267125900244,29207.0
Ford,Truck,2017,47697.535133578065,1.1573741626740386,454.4783121860298,Diesel,Manual,White,3,No,35.19282617738831,19.410345815133347,5,98.81240759546354,25619.0
Ford,Truck,2001,142525.72950951272,1.4884396560401072,337.21773367471366,Diesel,Automatic,Black,3,No,26.12842532735291,16.982963770667162,4,48.523045576535615,29845.0
Audi,SUV,2017,115722.84015316532,2.808796113133741,256.61027927113173,Electric,Automatic,White,1,No,40.09591529215152,23.337458265009303,1,17.916391829015087,29310.0
Ford,Hatchback,2014,25316.41048613562,4.73550007011162,265.04873633944953,Electric,Automatic,Silver,4,Yes,31.251760734037276,39.35715499237551,1,89.11400917935094,42899.0
Ford,Hatchback,2018,130927.85650519736,2.264624419907002,378.24725859872274,Electric,Automatic,Blue,2,Yes,37.09752284913178,44.050748164234264,2,46.03553731348269,35562.0
Ford,Hatchback,2001,75677.52374617947,3.0289392347535697,101.28730544171147,Gasoline,Automatic,Red,4,Yes,27.13831615395182,17.051332107690097,3,70.96713435045244,33036.0
Audi,Truck,2019,134710.07289964327,1.1662914362015684,347.8357349839363,Electric,Manual,Silver,2,Yes,39.259858561725565,57.568690043051966,2,98.37115832091517,13697.0
Ford,Truck,2024,120979.01211236071,1.5933728038483554,242.19720417654295,Electric,Automatic,Red,1,Yes,42.97886070418196,52.89744194926715,3,5.0175350319974,22513.0
BMW,Truck,2005,66655.95814803886,4.946520491835388,417.6789325108337,Electric,Manual,Black,1,No,15.857450264112645,28.34756169706919,4,9.669455978756714,48039.0
Audi,Sedan,2000,8258.049706417023,4.860474785744183,137.19625592925286,Diesel,Automatic,Black,2,Yes,43.31718862296912,18.47343886019106,1,72.04567414627562,8145.0
BMW,SUV,2023,43958.21711081718,1.0197599237376385,335.2809067793562,Electric,Automatic,Black,2,Yes,31.61186127161229,22.644918294857575,3,28.1825003295472,32818.0
Audi,Truck,2014,83536.9611258257,4.807247141692956,292.3891559544495,Gasoline,Manual,Red,2,Yes,43.78663636360897,20.71249861897377,4,18.430139695009906,35544.0
Ford,SUV,2022,96854.34187479135,3.5564797512620014,356.930210362091,Diesel,Manual,Silver,4,No,27.252068253640584,20.547770068452607,1,3.9361879819729495,18100.0
BMW,SUV,2009,42393.71438781433,4.4716731780800885,125.94143779318733,Gasoline,Automatic,Black,2,No,25.1616194153214,38.33527598995803,3,2.1846711986201806,25104.0
Audi,Hatchback,2018,25206.6307405595,2.8189594225354364,331.9935149712525,Electric,Automatic,Silver,1,No,46.6024293006889,26.06313491220301,2,77.4485603119791,9067.0
Toyota,Sedan,2016,126064.88433589837,3.062384114317001,324.59383518380946,Diesel,Automatic,Red,1,Yes,20.04677070193605,31.1162872438115,2,13.443342736955,41963.0
Ford,Truck,2004,147738.31620201506,2.9553863210276807,324.2640377664684,Gasoline,Automatic,Silver,3,No,43.76849301144573,59.52774000229451,2,46.77206159711509,35728.0
Audi,Hatchback,2003,81225.07643388945,3.6674570301844174,341.3950666385819,Electric,Manual,Red,2,No,29.360822900376164,45.794141201640514,4,60.5896815179483,37317.0
Toyota,Hatchback,2009,29893.496448004007,1.5586050190252516,370.5871748905449,Gasoline,Automatic,Red,4,No,30.56381770205039,57.70413001711506,2,42.835180056884624,36416.0
Audi,Truck,2023,44484.5623453085,1.1198943594907118,421.9955998723079,Gasoline,Manual,Blue,4,Yes,22.33873125957936,21.4150449764902,5,2.7106652336233106,70518.0
Toyota,SUV,2016,7666.648099382676,2.2317197663647637,207.92828805128573,Gasoline,Automatic,Red,4,No,32.92168802476063,32.196276367465614,1,78.35015025879089,45049.0
Ford,Hatchback,2009,137573.32695127235,3.818723050946587,430.0197640720248,Electric,Manual,Red,3,Yes,23.00844785104845,39.962931147705945,4,1.0513224541653488,7509.0
BMW,SUV,2016,22073.907019070466,1.8074138084917934,299.3022729053814,Electric,Manual,White,1,Yes,11.570776569666092,18.45411278499321,2,76.1889894377484,26400.0
Toyota,Sedan,2019,88594.88894956677,3.6937297332996692,130.82331165373247,Gasoline,Automatic,Black,4,No,20.87994421377424,15.188434963258103,1,89.33044937881228,11533.0
Audi,SUV,2023,44738.00699964487,4.879648184429081,123.42037169759168,Diesel,Manual,Blue,1,Yes,10.255161736263627,45.16954502086129,3,43.28399210571723,19670.0
Ford,Sedan,2004,85355.81036479004,1.3756028631576735,233.69532747842433,Diesel,Automatic,Blue,3,No,49.13419148227427,43.88187825606459,2,53.554247309779825,8932.0
Toyota,SUV,2001,99455.95631102032,3.690408472900505,413.95879084458704,Electric,Manual,Blue,2,Yes,48.6298883927899,33.485496449982534,1,47.698339261765376,43328.0
Audi,Hatchback,2005,125312.56153754424,2.7750008772182846,383.0723738963663,Electric,Automatic,White,2,No,25.8062118988922,37.03398342144147,5,38.920861862343884,41784.0
Audi,Hatchback,2020,34931.08440528746,4.472569017510022,415.44598586896257,Electric,Manual,Red,2,No,39.134834173585844,33.69493502664403,3,88.74245353703603,28723.0
Audi,Sedan,2001,6594.3951554796695,1.7085991577895436,306.90762257664375,Electric,Automatic,Black,4,No,23.832243936417,16.080227018019997,5,89.39335106699905,5719.0
Toyota,Truck,2012,24848.416359977055,3.770503808904658,276.07959918219626,Electric,Automatic,Silver,2,Yes,36.84372628343904,30.09172227978581,1,33.581636464153455,5074.0
Toyota,Sedan,2010,135502.70306797524,4.35246115859244,158.98101068251358,Diesel,Manual,Red,4,No,42.21720172183916,22.968701492878044,5,61.5069754014698,31498.0
Toyota,Sedan,2010,131714.06124656473,4.778456877896093,231.27710144372463,Electric,Manual,White,3,Yes,47.87024978768963,19.429088509561595,1,92.69075621458641,36345.0
BMW,SUV,2015,91624.8998146947,3.7329921131585833,273.6077464695501,Gasoline,Manual,Red,3,No,26.00849103398688,58.05241952502074,1,96.20584989413516,25541.0
Toyota,SUV,2010,92074.94476287974,2.9886990560337092,135.4401718718469,Gasoline,Manual,Red,4,Yes,41.33191931824191,41.97118762689745,5,50.895904042204755,39917.0
Toyota,Sedan,2018,101430.31780920704,3.4713889608048554,188.2447810844845,Diesel,Automatic,White,1,Yes,20.637138025284752,47.78953279064712,1,45.28248052843268,31028.0
Toyota,Hatchback,2014,30428.835400400192,4.475619937914873,339.29011762549555,Gasoline,Manual,Blue,2,No,49.61329215174593,29.19136844697529,2,27.869431592852578,34545.0
BMW,SUV,2024,137589.73215911916,3.2824389865553187,394.26524569567596,Diesel,Automatic,Blue,2,No,11.030783950574046,32.69162082723068,1,95.887187319041,19033.0
Toyota,Truck,2022,65721.7261093506,1.1215482387873474,499.33900455717986,Diesel,Manual,Black,2,No,34.141152260044834,25.661579725352556,4,14.281430447286736,36673.0
Audi,SUV,2022,60555.086596177134,4.723794782027911,473.24533253742305,Gasoline,Automatic,Black,4,No,36.38023926605308,19.363455193444114,1,57.9829576047725,35974.0
Toyota,SUV,2015,80243.06726601144,3.7581070041262445,357.02607981407664,Electric,Automatic,Blue,3,No,37.521822282965154,23.05642368487127,4,28.255026751863888,28097.0
Audi,Truck,2010,11810.065182382981,3.706053543108986,268.4992213176288,Gasoline,Automatic,Silver,2,Yes,14.815503151563561,50.888132038341865,1,27.90082903477966,41975.0
Audi,Sedan,2021,29111.088469631515,1.8627006095908687,354.4709458832931,Gasoline,Automatic,Red,3,No,47.541191338925216,45.48956123326991,1,40.496858737618844,32608.0
Audi,Truck,2015,112014.87438182371,3.635541880930629,414.26064723209277,Diesel,Manual,Silver,2,No,17.247331162003313,39.61179941934646,5,99.87929358156545,28525.0
BMW,Sedan,2007,17005.806849143337,2.575457622616634,147.33447636935495,Gasoline,Manual,Red,2,Yes,34.91013612959364,36.37904427900456,2,5.4966306839822066,20043.0
BMW,Sedan,2003,92457.05587262628,3.6049319081659683,263.9619558785153,Diesel,Automatic,Blue,4,No,18.907043164923397,56.5095427645256,2,57.85418182035315,46846.0
BMW,Sedan,2007,40575.62090379154,1.4263721212319629,435.9209142542469,Electric,Manual,Black,1,No,22.288656680850835,18.273072650040078,3,8.257215803527718,16725.0
Toyota,Truck,2003,61447.8640360866,3.631381218412144,253.5331807732176,Electric,Manual,Black,4,Yes,31.858341669124975,27.62703659570622,5,15.452082999051896,41704.0
Audi,Sedan,2023,46860.59183175148,4.997654903082666,328.7489084908746,Electric,Automatic,Silver,2,No,26.68773674258306,30.747203410682133,5,43.95629417728987,47075.0
BMW,Hatchback,2024,,1.1928481554422241,335.1077443448793,Gasoline,Manual,Black,2,No,16.409024039060252,50.209161549575455,2,51.04601313464413,42383.0
BMW,Truck,2002,109261.6562517156,4.908696736885269,173.79050125345574,Diesel,Manual,Blue,1,No,16.837456096833932,59.66315790728871,5,25.8792408364524,34483.0
Toyota,Hatchback,2002,,2.6276318428914824,244.89417666091535,Electric,Manual,Silver,3,Yes,26.725791526511987,25.830173164071887,2,31.645713087441617,12265.0
BMW,Sedan,2017,87128.6728430501,4.483013801349037,233.80451549677286,Diesel,Automatic,Red,3,No,40.29131913102003,54.343830036168626,5,8.696702025593305,27763.0
Toyota,SUV,2018,74027.30831886946,4.129541936233094,110.47868341282592,Diesel,Manual,Black,2,Yes,45.91858587391154,52.37802421943061,1,30.32197838442505,15116.0
Ford,Sedan,2018,101232.31897758399,3.268065043946671,109.6767055565421,Electric,Automatic,White,3,No,13.365106490375315,25.109582893879498,2,96.6558439380544,20733.0
BMW,Hatchback,2020,140840.3122020899,3.953796837005306,432.6788174703094,Electric,Manual,Black,2,Yes,25.72415630237604,32.96996610896501,2,94.47073816724817,30502.0
Ford,Hatchback,2004,,4.514062245205391,209.22832398912496,Diesel,Manual,Red,1,No,14.009822548915064,33.435279118163365,4,33.4878290136985,42420.0
Toyota,Truck,2017,36166.35489565973,2.616561286604132,307.23150649552616,Electric,Manual,Silver,1,Yes,10.663699225303915,59.01993008369512,5,57.08539362787616,48241.0
Audi,SUV,2009,9521.554583886278,2.308132646252955,219.4902294355092,Diesel,Automatic,Red,2,Yes,36.468747305758264,23.140135562050425,5,90.95953911109443,14247.0
BMW,Truck,2021,43028.28642347464,3.670373542254339,476.2716980461362,Diesel,Automatic,White,1,Yes,34.09797767866351,50.962108699715195,2,0.6183822640896675,28840.0
Toyota,Hatchback,2020,91286.29995153694,4.231383767765035,203.71870354630948,Electric,Manual,Blue,4,Yes,16.52076455259545,30.038672137789945,1,81.06835703375918,26058.0
Audi,Sedan,2005,12456.742955216301,4.049140539106463,271.86272509557404,Gasoline,Automatic,Black,4,Yes,19.352513323722565,47.889165559927214,1,94.83695527889189,39929.0
Audi,SUV,2000,76973.10584417927,4.191254595434538,449.09210019384074,Electric,Manual,Silver,1,Yes,10.948310145780734,33.90049519330483,1,9.132573433355706,23635.0
Ford,Sedan,2004,91542.21309294894,2.742333259251732,436.77342671672346,Gasoline,Automatic,Blue,2,No,43.39788822777615,41.0261893402443,5,16.144768603292103,30628.0
Toyota,Sedan,2008,53465.36416845932,4.2713368647000864,174.44056713851091,Diesel,Automatic,Red,2,No,48.98762384194206,52.4675297996759,4,96.07463027713554,36362.0
Audi,SUV,2011,116782.26954314418,1.4808362214824338,421.05732391828417,Diesel,Manual,Silver,1,Yes,15.418381471787633,51.187450424274786,2,53.75401436403463,25953.0
BMW,Truck,2013,20456.74670439691,3.177956391843398,283.27475469515707,Gasoline,Manual,Blue,3,Yes,19.259008550611924,53.989043259286504,3,1.4196634471723701,24128.0
BMW,Sedan,2001,15894.97835169227,1.0230346419924863,293.1875488341421,Diesel,Manual,Silver,4,Yes,44.73638095787736,17.682779640509658,4,25.763199876352914,17061.0
Ford,Hatchback,2016,110587.36964952249,2.298343319601081,153.3919889663775,Gasoline,Manual,White,3,Yes,47.058551918247396,46.14227488678851,3,44.99436742688596,11041.0
Audi,Sedan,2013,76846.24084989878,2.4658461394855915,132.24060550284986,Gasoline,Automatic,White,2,No,26.785095312272414,21.29943195247933,4,69.29089110247676,17673.0
Toyota,SUV,2012,104818.34748202172,2.5846907664370216,391.1757227895061,Diesel,Automatic,Black,2,Yes,12.024898890762966,33.71183556082849,1,73.31603781367996,26059.0
BMW,SUV,2008,68049.96409754321,3.7818688267594487,298.5844609421199,Gasoline,Automatic,Black,3,No,11.575673347712776,39.68647867746098,5,99.54215129254561,39328.0
Audi,SUV,2024,40728.29481967049,2.554232405081383,274.7402810460718,Electric,Manual,White,1,No,32.95799464276042,33.12327681360738,3,28.7511199383759,49722.0
Audi,Truck,2014,123769.83606275896,2.7947744904901226,391.8032914609587,Electric,Manual,Silver,3,Yes,25.715804355727162,38.38252541113533,4,53.82201018684752,22548.0
Ford,Sedan,2024,120915.30245050199,1.9501765234973099,406.2051595964439,Diesel,Automatic,White,3,Yes,11.14609710310618,59.843683895937865,5,53.332354785960504,20078.0
BMW,Truck,2021,105730.98827389188,2.4930071665173603,163.56326706774144,Diesel,Manual,Black,4,No,33.33009569250227,21.08477911707846,3,40.56452594472375,10419.0
BMW,Truck,2014,44461.04489834459,1.909078509052606,344.09005979105655,Gasoline,Automatic,White,4,No,10.452101463560899,45.39552204013915,2,16.91618938424202,40490.0
Toyota,SUV,2023,90583.44669601764,1.2927836950737746,154.14163291107423,Gasoline,Automatic,White,3,Yes,41.494878325970916,32.820043487352685,4,97.74565631838425,15550.0
BMW,SUV,2010,57341.21505630389,3.4137943735255116,400.5500344116183,Gasoline,Automatic,Silver,3,Yes,22.257312908134864,20.985440950829794,2,85.3317186666586,35337.0
Toyota,Truck,2015,,3.672851194220065,362.7820625068558,Gasoline,Automatic,Blue,2,Yes,11.610320120369284,22.14315435184393,1,49.83330282942372,6468.0
BMW,Sedan,2016,138010.46844202522,3.477961384038458,482.6458484333832,Electric,Automatic,Black,4,No,33.53408883932613,57.71728978105276,2,60.32454226840298,29309.0
Ford,Hatchback,2003,24838.701483249402,2.8539761752022894,127.58320654256848,Electric,Manual,Silver,4,No,25.90737657732219,54.58206735202929,2,22.72610535596623,5808.0
BMW,Truck,2000,142784.41630401634,2.5191431207169193,122.82188846050173,Diesel,Manual,White,2,Yes,48.95201653428598,55.816888218675984,4,54.37870703917469,44620.5
Toyota,Sedan,2007,69670.83707890358,4.4533345982873005,212.87482987728006,Gasoline,Manual,White,1,No,31.76794650014809,59.618974912232396,1,69.49701331214759,11719.0
Toyota,SUV,2016,,3.076327140544872,204.6822734943624,Gasoline,Automatic,Blue,4,No,21.009567241480333,24.374192550383306,2,51.51670283865888,21363.0
Ford,SUV,2002,83575.63736986193,2.916727510518924,198.79151962879993,Diesel,Automatic,Black,4,Yes,38.37755458535899,30.994770181382776,5,99.02851705849413,33718.0
BMW,Sedan,2019,131577.1462020792,1.1025682632257428,462.50183220841467,Gasoline,Automatic,Black,1,Yes,20.859680101708452,45.11485634661901,3,61.13416562477262,33801.0
BMW,Hatchback,2014,111172.60852938637,2.3649913105046254,199.81847993980244,Gasoline,Automatic,Red,4,No,46.1697316563026,36.77111429372913,2,37.09737125921691,48359.0
Ford,SUV,2014,121951.36643991021,2.5207824751434282,208.7798904514524,Gasoline,Manual,Black,4,No,24.988878820295056,33.82752900202501,1,77.21520276158381,42841.0
BMW,SUV,2023,100523.58817305401,2.595291123587602,403.75930496718547,Gasoline,Manual,Blue,1,Yes,31.99474251104821,31.101506220101687,2,17.046251158164203,13012.0
BMW,SUV,2021,105380.10185508861,3.320689476909329,279.895936980216,Gasoline,Automatic,Red,1,Yes,12.022924152969154,41.72012843745535,3,38.451581370626656,23029.0
Toyota,Sedan,2013,128133.3694769713,3.134410186907514,410.6842227820725,Diesel,Automatic,Red,3,Yes,27.04484951808923,40.901704288803685,1,34.69589503775858,46017.0
BMW,Truck,2022,41201.86128458196,3.4316203711737785,126.14646302575409,Gasoline,Automatic,White,2,Yes,43.2945415864398,22.265602532890803,4,43.180709510777724,5767.0
BMW,SUV,2013,75966.61972825536,4.059533046168513,295.02847746935373,Diesel,Manual,White,2,Yes,42.22595221453368,36.22829268832976,1,78.17798259287262,8895.0
Ford,Truck,2023,37075.36906384232,4.251942954864374,113.44544007331305,Gasoline,Manual,Black,1,No,18.97274235414105,39.90622992944324,4,48.41730321634075,47968.0
Ford,Hatchback,2001,148211.86115951382,3.8724923049059776,125.0612813821418,Electric,Manual,Red,1,No,19.043162840422507,40.66291224291257,1,79.40144502659628,45097.0
Audi,SUV,2012,141888.60425455892,4.822094783819739,462.57498133776437,Electric,Automatic,White,4,No,42.69221248852947,24.45482368105583,3,57.64889031398659,20332.0
Toyota,SUV,2013,10716.887648433356,1.0729303307054465,155.69814844703808,Electric,Automatic,Blue,3,No,47.21593680677302,48.402212651352905,3,34.206943465755536,19621.0
BMW,Hatchback,2023,107308.40001477483,1.7831119427341844,312.96827291008685,Electric,Manual,White,3,Yes,13.814436850920142,16.133959266948132,1,80.99787436834724,16334.0
BMW,SUV,2018,139161.00602527155,1.0302514999125685,264.4382410402826,Diesel,Automatic,White,1,Yes,28.00234557704901,30.967433499442322,2,23.828967055309157,23174.0
Audi,Truck,2006,31183.42504346336,3.589898856618412,238.93733050353708,Diesel,Manual,Red,4,Yes,23.498171158569157,50.109569184103506,3,22.43829797997955,38653.0
BMW,Sedan,2002,87352.05843013128,4.592122195799948,459.933338274909,Gasoline,Automatic,Red,4,No,44.827538218297576,40.375181447493105,4,50.45029240548358,45502.0
Toyota,Truck,2014,137745.80315026606,1.973929186305197,108.7293587101958,Electric,Manual,Silver,2,No,13.34099658720075,26.752309462988713,4,26.084924596208893,41674.0
Audi,Sedan,2022,9922.166894940832,4.708138179185227,365.51587447023564,Diesel,Automatic,Blue,2,No,18.445037702321496,46.272890370437146,5,0.9087034951216322,42260.0
Toyota,Sedan,2013,106125.93875079179,1.2410695611582434,485.35777368542017,Gasoline,Manual,Red,4,Yes,40.09873350345977,40.5325924870233,4,64.82975272988016,47498.0
Audi,Truck,2010,48115.606069019865,4.737744107222057,324.0672733847368,Gasoline,Manual,Black,2,No,12.051753959248623,50.83096242553742,5,51.1093821472398,7073.0
Audi,Truck,2014,139037.4483295969,2.4064907489585377,474.7289848132367,Diesel,Manual,Blue,1,Yes,29.70141522857157,48.07613337854205,1,44.55178144931612,11269.0
Ford,Truck,2012,145803.4455489783,1.405683313796866,120.9031517144095,Electric,Manual,Blue,4,Yes,27.6842813871888,42.45485649163056,1,96.69685146183153,22194.0
Toyota,Truck,2017,141918.64092144792,2.9434870367453025,267.5173276296646,Gasoline,Manual,Red,2,Yes,23.376047159549948,36.96799538898663,1,57.11991839629137,31811.0
BMW,Hatchback,2005,73761.06141533225,2.0271062708820318,204.06311638482046,Electric,Manual,Blue,3,Yes,25.782892612756953,20.993195655038555,2,86.34315777893845,11841.0
BMW,SUV,2002,129996.18439345044,2.1394916078476913,392.32838599229194,Electric,Automatic,Red,4,Yes,31.19762347720932,26.75998580484227,2,13.945023620516018,48723.0
Toyota,Sedan,2018,127459.6627875852,2.2291598597051463,492.51883619889867,Electric,Automatic,White,4,Yes,16.454694335535326,33.85947628126884,5,56.92064631294277,39800.0
BMW,Truck,2014,51269.56862027207,4.212103591330654,202.61202497769912,Gasoline,Automatic,Silver,3,No,32.87983513134371,41.96846791528749,4,86.7979626730903,14699.0
BMW,Truck,2024,125192.74375184822,3.156645106701018,361.6698405896298,Electric,Manual,White,1,Yes,42.21729317199945,38.11685348468872,4,58.3105757279898,15762.0
Toyota,Truck,2022,10366.10703374643,2.2452307966240146,179.23905310389605,Gasoline,Manual,Red,3,Yes,40.40643719160636,27.968303668178827,1,71.80141781270015,44897.0
Audi,Hatchback,2004,91459.1323798977,3.4413351332436735,326.13210182864395,Electric,Automatic,Red,4,No,16.155996187750947,15.290896100536974,3,37.20435678122074,46556.0
Toyota,Truck,2009,38351.281406716946,3.8646026968927742,285.5729946753345,Gasoline,Manual,White,1,Yes,15.969978789658956,37.33076498553663,2,9.244951703706661,7147.0
Audi,Truck,2006,22482.19843770543,2.090496002934135,488.8021318526148,Electric,Manual,Black,2,No,20.726974709796533,27.85316948530094,2,45.79002951270714,38383.0
BMW,Truck,2024,16158.214236235328,2.654196406101406,343.41090907858666,Diesel,Manual,Black,2,No,24.44298905364149,48.05737353197408,1,39.44793908388575,38715.0
BMW,SUV,2016,105961.87250233027,1.4875443733477902,239.8025488347275,Electric,Manual,Black,2,No,26.338223256339305,16.077581937171757,2,86.70601823789474,43445.0
BMW,Hatchback,2006,54281.86974636959,1.7245973981387213,145.63831395517334,Electric,Manual,Red,4,Yes,37.18788867333381,41.31725150876059,1,24.399530235247223,45634.0
Ford,Truck,2021,110091.18187167041,3.7244714158599312,160.49873149397382,Gasoline,Automatic,Blue,3,Yes,12.267217286633416,57.36634068777294,5,96.6734227535108,7013.0
Audi,Sedan,2011,14476.669415846643,1.7257533907825078,190.12677198049403,Gasoline,Automatic,Red,1,No,11.386908169042655,22.84841702001748,4,95.81381198044961,25081.0
Ford,Sedan,2024,50717.0989854385,3.1006535346682407,200.3866645361192,Electric,Automatic,Blue,2,Yes,25.67642251775636,36.224227083776796,3,24.76316430714387,21874.0
Ford,Sedan,2016,83226.2373944239,3.8361850468897307,440.2464231364551,Diesel,Automatic,White,1,Yes,37.88654768551922,19.11398963177122,4,34.80519554773205,42755.0
Toyota,Hatchback,2012,,1.4275076923789753,324.48911531300996,Diesel,Automatic,Silver,4,No,17.737413718259305,43.15568605176087,4,89.55557408738851,13733.0
Ford,Hatchback,2019,51219.11292515014,3.269248878515614,309.35636454974656,Gasoline,Manual,Blue,2,No,35.66017925025007,39.77392562683015,5,96.66222208961075,14479.0
Toyota,Sedan,2024,95754.24958336631,2.026251134805455,145.90754874768697,Diesel,Manual,Black,4,Yes,20.393125517611978,33.331448589577455,2,44.3439102836044,14825.0
Toyota,Truck,2003,133466.7734942471,4.851707500950319,444.055877339774,Electric,Manual,Red,3,No,45.44344435254065,38.46196596631835,3,32.099704564089784,26304.0
Ford,Hatchback,2009,94300.16228643416,2.934182586879699,389.1257212833935,Gasoline,Manual,White,4,No,45.82759777066466,55.345859631105455,2,52.6094013251542,40694.0
Audi,Sedan,2002,38779.123839276894,4.223970199100632,127.06734476000064,Electric,Automatic,Black,4,No,21.89148817125306,23.833243603998017,4,68.77692063657348,45050.0
Audi,Sedan,2008,8538.113325698014,3.200906168625047,383.1340388919075,Gasoline,Automatic,White,3,Yes,19.19975015852962,16.015403026740625,1,27.34745153749798,20635.0
Audi,Truck,2012,131164.33671563485,1.1736501314192767,317.41528693705845,Gasoline,Automatic,Silver,1,Yes,26.45215888264925,53.77491981145954,4,73.64731746190728,25760.0
Audi,SUV,2017,8084.064573306136,3.5326055023760894,132.6901382987113,Gasoline,Manual,Red,3,Yes,19.621263407205948,40.97026870745579,2,5.165735711464103,14490.0
Audi,Hatchback,2014,131831.7425392089,4.805613368826628,283.3202566114626,Gasoline,Automatic,Red,3,No,36.895353731668145,55.07963049578291,4,4.929449276441645,26252.0
Ford,Truck,2003,81695.88443394574,3.4064472805853248,293.8785148520188,Diesel,Manual,Silver,4,Yes,43.04258738193142,41.862535053592765,1,38.628770514554525,44754.0
Ford,Sedan,2014,141164.81628436994,4.276755437707161,166.30981606531032,Electric,Automatic,Red,1,No,36.92368523644868,51.45724904818661,5,35.34731920607206,11862.0
BMW,Sedan,2021,120823.56918718148,4.536825853393632,478.2792588001129,Electric,Automatic,Blue,2,Yes,42.97401788997398,34.33530135098166,2,31.56332153671523,49927.0
Audi,Truck,2001,149700.44602733394,1.91231908779573,439.99014859226475,Electric,Manual,White,3,Yes,25.879686488298965,48.743696907972094,4,49.101976266891,9423.0
Ford,Hatchback,2014,55853.21324049797,1.8481793596329066,367.6089349316433,Gasoline,Manual,Black,1,No,16.252678828354433,56.08686601004352,2,32.07335823115712,15450.0
BMW,SUV,2007,116242.3018950134,3.443923955403967,284.9182244002429,Diesel,Automatic,Silver,3,Yes,39.51803789590369,40.745533367499284,5,19.225791846809194,45927.0
Audi,SUV,2007,63279.98247334011,2.644113879226819,264.70621663380336,Electric,Automatic,Blue,3,No,24.418980205662155,23.13533177530708,4,30.946954908860093,39841.0
Toyota,Sedan,2016,74581.96494406679,4.359445211466881,360.38938686038165,Diesel,Manual,Black,3,Yes,36.8508330091653,27.09589267635892,4,97.4904272810235,41331.0
BMW,Hatchback,2011,,4.600092493592045,318.1727477627622,Gasoline,Automatic,Black,3,Yes,20.825757679270627,23.939005960383263,2,41.11134169948486,36826.0
Ford,SUV,2018,131683.18155701912,2.4136855172108724,124.90924235275425,Electric,Automatic,Silver,4,No,13.249185392266906,26.10856624180798,2,44.47127768583358,47879.0
Toyota,Hatchback,2009,147692.1030338978,1.9474822358979282,305.0010595081327,Diesel,Manual,Blue,1,No,49.70327181951053,28.788695220796637,1,57.654498995114004,11825.0
Toyota,Hatchback,2008,116399.64501035513,4.122102060975447,422.5614468931358,Gasoline,Automatic,Black,1,No,16.24806031722397,39.98102040389348,5,98.33407684142266,48420.0
Toyota,Sedan,2004,65576.18341426339,2.0992241421925444,283.6959510387832,Diesel,Manual,Black,1,Yes,49.536839758539244,41.45962332587247,1,24.160127643576303,17454.0
BMW,SUV,2005,66096.76533017517,4.290457274054713,120.78263102170737,Electric,Automatic,Blue,3,Yes,49.09119730265789,34.192488625883755,4,68.12821105324338,29251.0
Ford,Truck,2019,111949.43373038927,2.6949530145950513,414.5112797536132,Electric,Manual,Red,4,Yes,41.752724156321584,42.69393509193759,2,71.59846935417241,25648.0
Toyota,Sedan,2001,39622.68613640384,3.670199597165882,180.54551285438976,Gasoline,Automatic,Black,3,No,36.3769184832799,18.670871652511465,4,60.73244167930659,45736.0
Audi,SUV,2023,21018.746404052225,1.3821412553386727,203.4483339552155,Gasoline,Manual,White,3,No,33.11228201004339,18.9504706676172,4,8.857833963664408,29530.0
Toyota,SUV,2012,56420.2128579126,3.495437298706292,165.88254137291835,Gasoline,Automatic,Blue,1,No,44.64406181511339,22.73232571609463,3,67.68722758275764,17516.0
Toyota,SUV,2005,46649.653789841854,2.8070707149489165,232.08602594859903,Diesel,Manual,Black,3,Yes,21.577580864779517,38.313487411815515,3,6.409471103617548,45544.0
BMW,SUV,2004,47964.67746611856,3.3464338527018964,402.700602275454,Diesel,Automatic,Silver,2,Yes,28.70724849939508,24.629760541424112,4,59.61426495498969,13558.0
BMW,SUV,2024,38873.12390223694,1.6720568309794537,307.7543438015749,Diesel,Automatic,White,3,No,34.775598774660075,27.74779815716598,2,73.95811772217426,13719.0
Ford,Hatchback,2000,11103.512497272473,3.9474949797767285,181.95250966028502,Gasoline,Automatic,Black,2,Yes,26.447619034779642,33.01407762778473,4,21.096989061995043,9886.0
Audi,Sedan,2020,7591.720536345003,4.451188310172914,451.13203126081635,Electric,Automatic,White,3,No,27.09945816361072,51.53397558046709,3,84.1622007542774,33185.0
BMW,Hatchback,2021,148219.74651172457,1.8669592003631026,451.8327419806117,Electric,Automatic,White,4,Yes,23.211386700083377,15.623796116078704,2,3.0353805533004263,42387.0
Toyota,Truck,2020,67027.10439170004,1.382858222080647,448.23137001840274,Diesel,Automatic,Red,4,Yes,32.56927266738144,44.222046910648004,4,84.3812863658306,26575.0
Ford,SUV,2005,60727.36383815384,1.0945543441853456,195.51848455261572,Diesel,Automatic,White,1,No,44.02298112060464,45.09944389683084,5,46.032905064276505,48113.0
Toyota,Sedan,2005,103548.85599049513,3.567886001773064,280.49573767239525,Electric,Automatic,Red,3,Yes,18.061135120252516,50.939510116048645,5,21.75879399316445,44643.0
Toyota,SUV,2022,36646.8137404343,3.428376144355123,493.99586245635004,Electric,Automatic,Blue,2,Yes,47.37732155013766,56.973882257714095,4,13.3778144993968,15100.0
BMW,Sedan,2015,142744.37167278267,3.18678965085628,408.80499052399614,Diesel,Manual,Red,2,No,37.56350614992918,15.906203202718043,2,95.33071675823726,12856.0
Ford,Hatchback,2003,119020.02709025504,1.9277883844639017,110.86696849022393,Diesel,Manual,Silver,3,No,42.93092850720121,21.92026674809473,4,7.266558758115671,43169.0
Audi,Sedan,2010,17964.595335277627,2.5636239836220587,126.08183650419681,Electric,Automatic,Black,2,Yes,32.247627705200465,54.87770823251969,4,19.909341993592566,33804.0
Audi,Truck,2023,65549.2124888146,3.377905340744692,285.5725507249331,Gasoline,Manual,Blue,4,No,41.18066805696254,35.63333529841569,3,34.7822347433046,40790.0
BMW,Truck,2022,132472.1545965139,2.9870674354366775,463.68808234462404,Diesel,Automatic,Blue,2,Yes,10.648015893578687,40.406578752005856,5,62.023484896112045,35988.0
BMW,Sedan,2008,,4.951142080859549,315.4807191810857,Electric,Automatic,Silver,1,No,42.73521699118141,44.83622416754163,3,54.480108527609836,49443.0
Ford,Sedan,2022,72773.2191312311,1.5457590102269325,299.1250032137161,Electric,Manual,Red,4,Yes,11.605554363414662,45.55799720230368,3,12.564349241231398,15912.0
Audi,Sedan,2002,93944.65143555262,3.780578216190375,142.18947998265224,Electric,Automatic,Black,4,Yes,45.5965350545145,56.92831814924287,4,28.972798373821462,43506.0
Audi,Sedan,2018,29219.922183350907,2.6172750724171685,362.7120418897176,Electric,Automatic,Red,4,No,49.67850988954573,59.862723783525134,3,23.875177108602408,27368.0
Audi,Truck,2007,148719.45078986158,2.712798459702459,428.8412642400902,Gasoline,Manual,White,3,Yes,21.762698487071113,47.40708574189231,5,21.354285449034137,6770.0
Toyota,SUV,2004,,3.870391062632705,252.16800300302492,Electric,Manual,Red,3,Yes,18.412742251431744,27.924954414231784,3,41.1144336479987,17305.0
Audi,Sedan,2003,,3.7697446052974786,410.244740370131,Diesel,Automatic,Blue,4,No,40.61453455432163,54.588858103245464,5,70.40314525916568,14969.0
Toyota,Sedan,2023,,4.965023974808753,485.7906615603246,Gasoline,Manual,Black,3,No,20.121053636810128,17.214941154334273,3,21.745293221723593,17404.0
Ford,Truck,2005,93121.83525743458,1.513577157816501,181.50658365107563,Electric,Manual,Red,2,Yes,44.62249532688814,25.398638379352327,5,36.66788797029814,13989.0
Toyota,Truck,2001,,1.4164385975366653,309.3318524778965,Gasoline,Automatic,Black,3,No,14.113703686299068,55.38235728586717,3,39.09174268411623,40983.0
Ford,Hatchback,2019,38447.12269907501,3.8973552685149646,214.85518323383022,Diesel,Manual,Black,3,No,15.038207855174331,26.52861814977097,3,97.64565294354102,49748.0
Audi,Sedan,2010,30596.564640798697,3.3135476680256364,417.14176761353576,Electric,Manual,White,4,Yes,49.16606220402463,24.92929768297868,2,95.46663568790689,44462.0
Audi,Hatchback,2003,36970.50031517543,2.0966426662392235,331.03734635246303,Diesel,Automatic,White,1,Yes,36.953555930800185,21.215638191311125,5,80.01375827520759,24360.0
Ford,Truck,2014,32033.548010916904,1.3176774759559464,353.8329670201215,Electric,Manual,Blue,1,No,43.87548897715811,53.660029094111245,5,24.165892081918518,25121.0
BMW,Truck,2005,118039.74866717923,1.3426329983857221,419.16566384635763,Electric,Manual,Silver,1,No,22.97317509406072,37.5026216635989,5,6.803731409166969,31287.0
Ford,SUV,2021,55768.16257917586,4.576763498656473,258.38818906498193,Electric,Automatic,Black,2,No,37.05934998082418,45.37019413743697,1,31.690413772062477,48429.0
BMW,Sedan,2016,13387.188101692473,1.7674692988749716,466.03602736281726,Electric,Automatic,Silver,3,Yes,33.769673092343886,25.757987283376337,3,26.679454943383085,39160.0
Toyota,Hatchback,2023,145519.88137041763,2.293486248462083,313.211546898456,Electric,Automatic,Blue,1,Yes,34.12600480491788,49.111818945504744,5,50.59258001463939,11789.0
Toyota,Truck,2005,133148.9533196967,1.906625608907952,163.1819291341392,Gasoline,Manual,Black,4,Yes,37.301298381508865,49.20024952329443,1,77.7727910067793,32181.0
Toyota,Truck,2018,,2.4199852233277492,378.359647267521,Electric,Automatic,Black,1,Yes,33.01436692516394,29.066911120873506,2,85.8322938878858,19385.0
Audi,Hatchback,2024,149261.63428373312,1.2776953709843735,417.3045401753018,Electric,Automatic,Silver,1,Yes,27.162494772106637,33.48071848546273,5,84.48640854105085,22061.0
Toyota,SUV,2001,30214.811136825658,3.0762391636330815,226.70467082701066,Gasoline,Manual,Red,3,Yes,21.036907775221874,24.436062484359038,5,35.967556122306775,5105.0
BMW,Truck,2014,62455.09274088552,1.2704502543688596,442.8717027995012,Gasoline,Automatic,White,3,Yes,40.743253236528076,58.945246049530695,1,68.72343434606829,49247.0
Toyota,Sedan,2010,114944.57897709325,4.201426031289446,462.45730190630655,Gasoline,Automatic,Red,3,No,19.050897200127448,44.052115967628524,3,31.283419752422002,26137.0
Ford,Truck,2007,105922.98961779987,1.934848327641732,210.7617949511236,Gasoline,Automatic,Silver,2,No,37.694172246176564,57.0544746321982,2,6.090554323518271,39714.0
Ford,Sedan,2018,27314.906419278985,3.1600476584180424,493.4085890860888,Gasoline,Automatic,White,2,Yes,19.333312905973067,28.65234946331099,5,70.15652656029422,10544.0
Audi,Hatchback,2012,123295.80312363958,4.5203163502458334,156.28461121950338,Gasoline,Manual,Red,1,Yes,35.01320679817816,50.18509108486004,3,0.9827552569787845,18275.0
Ford,Sedan,2011,37543.88291631579,3.6035094761887767,180.806267360996,Electric,Automatic,White,3,Yes,39.883130685161156,49.46363897481339,2,40.91825874584886,44753.0
BMW,Hatchback,2004,37453.554149280346,3.131831146205341,173.68993569521047,Electric,Automatic,Black,1,No,18.748555556261568,46.124504333994366,4,32.937926930207574,39550.0
Toyota,Sedan,2005,82861.29131954497,2.2973350124615024,457.59588400314817,Diesel,Manual,Red,4,Yes,12.397732034452332,58.453753887006016,4,69.33775385188524,24641.0
Audi,Hatchback,2021,90976.29055204695,2.3320076522327917,361.71702092998476,Electric,Automatic,White,4,No,15.238949719766964,32.7099901247842,2,76.62454727603789,11213.0
Toyota,Sedan,2003,89112.50013648262,3.6779478207927605,160.84171328890915,Electric,Manual,White,3,No,34.23987869084102,20.88227956153908,1,30.409463597128383,19485.0
Toyota,SUV,2018,18265.591422674457,4.97655744488467,276.12936734733955,Gasoline,Manual,White,3,No,43.97785624902942,45.22689866598273,2,81.16270144448535,20605.0
BMW,Sedan,2019,132231.82508140517,3.6473567593975145,346.1192100279208,Gasoline,Manual,Red,4,No,11.799872849416975,47.81894102147428,2,29.391676050493377,42637.0
Ford,Sedan,2000,43512.00617536238,3.2311336694800996,133.38563399575332,Electric,Automatic,Blue,3,No,39.36605036166585,40.87772580564666,1,44.63263599865612,25390.0
Ford,SUV,2019,23779.663586006605,3.9226020409569844,452.9665473629355,Diesel,Manual,Red,2,Yes,23.652745838002083,24.30680519100283,1,72.7018527014134,14867.0
Toyota,Truck,2016,133868.4715810017,2.8608224491348726,421.44141417661405,Gasoline,Manual,Silver,2,Yes,29.1411347967809,37.700517375120995,3,69.29202292247886,8981.0
Audi,Truck,2011,143569.46724331423,1.2405693704031409,302.0827094306553,Electric,Manual,Red,3,No,47.154381993822625,29.048538145610824,3,98.73684723122,14493.0
Ford,Sedan,2014,130008.50450349035,3.2491872635116392,486.85064610366817,Electric,Automatic,White,4,Yes,23.278860189433818,34.23599376750101,1,22.51610242159319,10682.0
Audi,SUV,2000,122379.83083510732,4.830501138021521,267.10439171003986,Diesel,Automatic,Black,1,No,28.61347735757944,44.03483591300987,4,66.23179135395823,10782.0
Ford,Sedan,2013,100010.08719265815,1.7012117694306386,493.64412761459914,Diesel,Automatic,Red,3,No,10.547296590427244,48.53466342108756,4,60.96819082757774,34799.0
Audi,Hatchback,2005,,3.760019563282663,367.16799952145084,Gasoline,Automatic,Red,3,Yes,13.263948800193536,25.45011109056044,2,91.509845449003,46905.0
BMW,Hatchback,2004,17613.080187154468,1.803734754636226,353.8685093015766,Diesel,Automatic,White,1,Yes,20.34366364539136,33.239641229112905,5,15.636214164487505,21984.0
Audi,Sedan,2010,64225.71589525131,3.143310737892325,166.381958118314,Electric,Automatic,Black,3,Yes,11.114089632842976,27.112270694623312,2,75.1798163586933,27760.0
BMW,Truck,2003,59039.83496678553,1.3867057985868785,452.7711033218576,Electric,Automatic,Black,1,Yes,35.25501304193004,23.93842262378411,2,56.826861626876834,30993.0
BMW,Truck,2012,42664.2986452473,2.8014837450327406,270.9958751682461,Diesel,Manual,Silver,4,Yes,27.055934272064903,50.25242489981273,5,27.46658697879054,6524.0
Audi,Sedan,2010,109895.91648484481,4.024653315580984,164.89336231299174,Diesel,Manual,Red,2,No,31.92580810912088,55.91637124966466,1,47.44349141471741,31120.0
BMW,Sedan,2002,76901.98158642177,2.3902860969559283,105.04300799030362,Diesel,Manual,Black,4,Yes,16.985887435853183,31.660448355805954,4,33.37765970697978,5078.0
Toyota,Hatchback,2000,16751.70130660895,3.659646897948872,323.902273455353,Diesel,Manual,Black,2,Yes,21.837281177464646,48.80755159681951,2,57.931340278846086,40891.0
BMW,Truck,2005,36926.56428272264,4.181799843158917,310.95984884907057,Gasoline,Automatic,Blue,1,Yes,36.552978994109004,55.364788021398496,5,88.90006108146659,30473.0
Ford,Sedan,2017,104072.52073064141,4.708711277917811,387.7414489476634,Diesel,Manual,Blue,2,No,48.612108945215994,53.07558947386042,3,56.9304984412202,44832.0
Audi,Hatchback,2023,16038.974626093526,1.9385683274218142,456.10322120712084,Gasoline,Manual,Black,4,Yes,12.016670944088368,23.226602484265165,2,63.17224183265841,13417.0
Toyota,Truck,2009,128425.00253707146,2.5972636632372326,131.76263385721182,Electric,Manual,Silver,2,No,45.615372834210646,58.03313466810126,4,51.874784711470944,18362.0
Audi,SUV,2004,76796.24641702628,1.6096640533216697,392.5985961361449,Diesel,Manual,Black,1,Yes,33.07524805244834,31.950439819325812,1,5.116550644547591,6209.0
Ford,Hatchback,2022,74685.05371236397,4.969934008633501,174.9647776390329,Gasoline,Automatic,White,2,Yes,32.55678267022495,30.265829752822633,2,23.285855687609423,42921.0
Ford,Truck,2009,90899.12877563006,4.708003871697182,443.2708212628656,Diesel,Automatic,Red,3,No,30.011141408310415,17.809409727500114,2,49.20017294320827,9898.0
Ford,Truck,2011,124578.74005914663,3.1598285211222383,427.62540554466244,Electric,Automatic,Silver,4,Yes,12.775763436167335,36.87781443471974,5,31.023528374470477,23562.0
BMW,Hatchback,2001,55432.33514581799,4.368133177505685,316.31750199421776,Electric,Manual,White,3,Yes,13.595074069446426,19.90561270384179,3,18.176359776119423,15871.0
BMW,SUV,2012,103312.34212106421,3.0838319090881687,384.0971194493246,Electric,Automatic,Silver,1,No,34.036480226363445,26.18429194173417,3,50.41328419184383,12610.0
Audi,Hatchback,2007,87031.1347793897,3.494342752011039,225.74004527349936,Diesel,Manual,White,2,Yes,23.63834285742233,29.26241797952766,1,32.28097934478503,48845.0
Audi,Truck,2001,43719.099174566094,1.3564977284640665,288.46715957312585,Diesel,Automatic,Red,3,No,46.69072266310722,51.39718455712578,4,25.810764317341473,32382.0
Toyota,Sedan,2019,132401.3480214979,4.021081681987232,428.65475908418864,Gasoline,Automatic,Red,3,No,26.26362149437889,54.39698926781534,1,46.39854174403808,20791.0
Toyota,Sedan,2000,120626.77313300458,1.5108539345409393,283.70607886928553,Electric,Automatic,Blue,2,No,15.731258348105644,28.610984285766136,2,13.328425808217315,60468.0
Audi,Hatchback,2004,100475.51602547169,4.304270521010114,243.1193061301767,Diesel,Automatic,White,2,No,38.58875334008144,53.641415456005824,2,92.77457330754073,43290.0
BMW,Truck,2008,128334.35071866508,4.128112350681544,297.68497890012,Electric,Automatic,Blue,4,No,21.734136857640394,53.575392181640595,3,86.7702097919239,7370.0
Ford,Sedan,2016,130757.65913917134,3.8349787909719057,431.29970097488734,Electric,Manual,White,3,Yes,31.018812294235726,49.40929276731931,4,70.76205857405353,24665.0
Audi,Truck,2008,107712.63162368005,1.1446415220990485,234.0832189483491,Gasoline,Automatic,Blue,3,Yes,37.9133114202068,21.60128013068317,5,10.621382758845622,9710.0
Toyota,Hatchback,2010,126366.93261273245,2.2125134237813144,169.5046372542975,Gasoline,Manual,Red,1,Yes,46.01056444808282,46.064528110532805,4,77.5877254469693,5328.0
BMW,Sedan,2014,106133.36194204613,2.0524502796433715,384.80560813231233,Gasoline,Manual,Silver,4,No,41.68764779206704,57.526082906125595,2,80.7957328109019,43347.0
Audi,Truck,2023,103620.41190524356,2.4405456298860764,430.39128508323273,Gasoline,Manual,Blue,1,No,37.054442714908966,45.714321544522065,5,76.77646177143377,25612.0
Audi,Sedan,2005,94698.64984120172,1.3505709870553542,140.25499140941332,Electric,Manual,White,3,No,37.18532729580574,29.922758209852528,4,11.396588711924116,11794.0
BMW,Hatchback,2022,114143.91273585797,4.747831292124252,195.94964510237787,Gasoline,Manual,White,1,No,47.83698576128346,37.526069284387404,4,64.39079570677647,37888.0
Audi,Truck,2002,27997.740267495687,3.215208962849505,156.78879590439755,Gasoline,Automatic,Red,3,Yes,21.83296389986144,44.05762695079741,5,83.43247957493986,11749.0
BMW,Sedan,2016,132726.26008384462,2.222097242632094,239.17656463286664,Gasoline,Automatic,White,3,Yes,10.044483767847495,37.975668392782666,2,57.73534012196677,25608.0
Ford,Hatchback,2004,131417.31152305863,2.5879260682971337,280.14039156216506,Gasoline,Automatic,Black,1,No,20.87818237592795,20.39788237789364,4,64.6407375228089,20450.0
BMW,Sedan,2011,9240.856040011076,2.7888101620193426,399.5305347853226,Electric,Automatic,Silver,1,No,18.71565518506976,29.04288200934093,5,45.83634794263062,8675.0
BMW,Sedan,2017,124743.42883189059,3.402377333442469,360.45903395266964,Gasoline,Manual,Blue,2,Yes,36.473383404559925,51.10782137491346,2,52.87073198840526,35190.0
BMW,SUV,2013,23686.130783649554,3.062717710785991,348.37142699137246,Electric,Automatic,Silver,2,No,35.34846399062116,53.763812074298286,5,3.4376858351725215,43411.0
Audi,SUV,2020,53592.233867575575,4.677567892857669,240.94997864386175,Diesel,Automatic,Red,2,No,33.73845530818895,21.17850147220066,5,63.89630219732846,16560.0
Audi,Hatchback,2023,112808.69716228313,2.987853931623321,436.579021233904,Electric,Manual,Blue,3,No,10.649737728378149,57.85740385794261,4,8.14472128911592,37463.0
BMW,SUV,2010,28310.184927004688,4.968632059293251,288.5148669592658,Electric,Manual,Blue,1,Yes,39.1511221780259,29.79701780318742,2,43.50145943402234,36663.0
Audi,Hatchback,2008,123605.21849726402,4.405699830980383,491.64197520606183,Gasoline,Automatic,Black,4,Yes,22.94121649941966,44.804118242882396,4,29.265509766740784,8170.0
Toyota,SUV,2001,125659.45580387258,1.8340420574293432,353.65685531829473,Diesel,Automatic,Red,3,No,36.60223956026525,48.83213156805065,1,54.54279502117131,38123.0
Toyota,Sedan,2011,78582.82139532125,4.722380858575665,150.50589662580109,Diesel,Manual,White,4,Yes,32.26313714008613,51.537580558704754,1,13.341633552320708,33810.0
Audi,Hatchback,2002,5925.951398940869,1.4654655915419044,370.4710248301736,Diesel,Automatic,Black,1,No,23.709237017116287,57.55873660016685,2,69.16434019733182,14718.0
Audi,Hatchback,2002,46620.529310362355,4.269798833964766,230.0416061726796,Diesel,Automatic,Black,3,No,15.38305068416431,29.081379661297017,5,79.50115369284704,5028.0
BMW,Sedan,2000,94454.40316448262,2.5224931739063203,374.53087867443895,Electric,Automatic,Silver,4,Yes,13.776755906419238,53.632790454819954,4,16.33544497431565,22397.0
Ford,Hatchback,2007,147271.9958139764,4.5118972817802785,127.8564592649623,Diesel,Automatic,Silver,4,No,43.26073332448894,20.925910654629316,4,10.431308735188216,48662.0
Audi,Hatchback,2021,96612.96141741691,4.472226760429802,169.95257487038376,Electric,Manual,Silver,2,No,46.73590168326232,46.726840785911676,2,14.551548278735915,46787.0
Toyota,SUV,2007,,4.223701600470484,442.2949035623145,Electric,Manual,Black,2,Yes,35.99152187057199,48.38899782812936,2,87.71275618985017,7024.0
BMW,Hatchback,2010,96930.82694944364,4.1601217452282455,190.87182280940596,Electric,Manual,White,2,No,14.137364594419335,45.497545854059425,1,52.81892617563562,43607.0
Audi,Truck,2008,83297.88005879904,2.218716556392163,434.816450097176,Diesel,Automatic,Blue,3,No,26.081088675529628,26.354163126081886,3,46.72609960075026,18503.0
Toyota,Sedan,2004,118077.58229691582,1.3236771322050087,211.71043538176417,Gasoline,Automatic,Silver,1,No,39.15756800420629,54.28694161568415,2,10.671181910235427,15303.0
Toyota,SUV,2013,20512.19262990897,2.611920715060646,357.1527640234831,Gasoline,Automatic,White,1,Yes,41.192835360402725,22.598630851667775,3,64.95560067569618,22138.0
Ford,SUV,2002,115349.04586279407,1.6940980599460347,377.6602294039324,Diesel,Automatic,Red,2,No,14.728744891643544,17.41356561843739,2,86.799959189509,30345.0
BMW,Truck,2020,83483.653908036,3.779804355609847,305.0619012580212,Gasoline,Automatic,Silver,2,Yes,10.001228753815298,47.28592457753605,5,82.8185869323453,34505.0
BMW,Sedan,2004,144633.84055955423,2.384398906151142,222.1242706786925,Gasoline,Manual,Blue,2,No,38.4854818352242,36.39640718547302,5,62.60547089808013,6906.0
Ford,Sedan,2004,54571.46407560948,4.90244080343966,185.05775054843843,Electric,Automatic,Red,4,No,24.263847039448226,53.209410898140426,1,7.527871665167362,45167.0
Ford,SUV,2018,96730.17450442248,3.563888309381328,113.27574182497048,Electric,Automatic,Red,2,No,20.17925326473041,32.25287134762165,1,11.239702717601297,12961.0
BMW,Hatchback,2013,140144.07529895252,4.289922254537444,221.57856049628953,Diesel,Manual,Blue,4,No,10.515898791581018,22.572536482847077,3,4.930898710982468,31140.0
BMW,SUV,2003,19863.910558648495,1.5300986909673937,361.2651162125132,Diesel,Automatic,Silver,1,Yes,31.611976270459987,52.63989866114414,2,25.74792164924693,17031.0
Audi,Sedan,2024,140898.13064928542,4.44805792909049,475.32192737939306,Gasoline,Manual,Black,3,Yes,44.04602941703927,39.70093342380322,4,13.566146716037775,20128.0
Audi,Truck,2012,104743.42973361793,4.691028762053577,448.4817929052208,Electric,Manual,Blue,3,No,48.30526585090352,23.51381065756597,1,26.004804025243388,20663.0
Ford,SUV,2009,14836.373570249925,2.9482476752757436,406.42591061412105,Diesel,Manual,Blue,3,No,32.62979802453157,47.41727993639006,4,38.50580557189617,39228.0
Audi,Sedan,2024,48639.717207288355,3.4250117510039098,415.37893730131947,Diesel,Manual,Blue,3,No,30.578453109595767,38.00011373202753,4,94.29827840711357,20682.0
Toyota,SUV,2017,107684.95285356583,4.059239203611982,365.9939613903981,Diesel,Manual,Red,4,No,13.402255419569645,42.19408420081439,2,61.03760597816921,20193.0
Audi,Hatchback,2007,14765.837212971895,1.6993545090416502,204.1147430264012,Diesel,Automatic,White,4,No,31.95491206170399,35.740425219296185,3,83.49737856829623,33561.0
Audi,SUV,2007,89414.71672555963,3.0102643058537697,462.87801228233195,Diesel,Manual,Black,2,No,25.199163158615786,52.29190427181029,2,71.03515007123322,48813.0
Toyota,SUV,2006,55153.043258178724,2.5946521110892524,368.2929247623336,Diesel,Manual,Silver,4,No,34.285411235343076,52.33032220573725,1,11.250313052663174,12766.0
Ford,Sedan,2007,95032.75007628418,1.5854959686489964,324.17625239217597,Gasoline,Automatic,Silver,2,No,25.54905391506187,46.922496982097385,4,73.59204063739489,34844.0
Toyota,Sedan,2013,11632.594902814362,2.4701376891661257,144.39578768539243,Electric,Automatic,White,2,Yes,19.61196493801467,19.743061982840803,2,27.509888155912442,34432.0
Audi,Sedan,2018,131372.83689209458,1.2726892375419743,278.82221752257016,Electric,Manual,Blue,3,Yes,13.79861100913506,52.7484237856831,2,63.91078469947063,34504.0
Ford,SUV,2005,146155.90053072255,1.103247627797948,284.14330848077054,Diesel,Automatic,Black,4,Yes,22.59673778355583,45.19558412398094,2,34.09619736429885,63219.0
Audi,Hatchback,2000,145487.28901642526,1.540665156619291,445.82544380906796,Electric,Automatic,Silver,4,No,13.86579337151009,46.36608747019348,1,99.76722632646592,45297.0
Toyota,Truck,2022,113699.51560272409,4.852460446356695,318.6592880751154,Electric,Manual,Silver,2,No,17.07587803295936,31.334227818174224,3,26.355147949677782,25858.0
Toyota,Truck,2014,23862.504818941634,3.198118143580068,252.16021958816387,Electric,Manual,Blue,2,No,49.49344634318184,54.567580027065304,2,27.913047077426967,8071.0
Audi,Sedan,2000,114948.16340970827,4.863288644612879,490.7201314042637,Diesel,Automatic,White,1,Yes,27.764142276264746,47.641722010568586,1,93.06722555623983,21939.0
BMW,Sedan,2024,8565.10288652622,2.729991513320528,144.28823733052627,Diesel,Manual,Black,1,No,31.274870660200662,20.06657099381375,4,2.464440463632267,29931.0
BMW,SUV,2016,8207.914971704602,2.2472645323410383,269.0193713247778,Electric,Manual,White,2,Yes,44.944741149488614,33.35001154827732,5,69.66889878731969,49460.0
Toyota,Truck,2000,51923.48177668348,3.0245674513609764,116.80987006856212,Electric,Automatic,White,1,No,49.82275601962751,54.88711628820638,1,72.53263907358782,6040.0
Toyota,Sedan,2014,75853.26260867654,2.7580467545316405,395.96164830677213,Diesel,Manual,Black,1,Yes,33.308577973787266,17.123851576382055,5,83.63785774103994,7686.0
BMW,Hatchback,2022,116709.07558213001,1.4226587370469757,467.23062087966025,Gasoline,Manual,Black,2,Yes,42.498952841766865,58.26374788389223,2,97.44393106384753,17666.0
BMW,Hatchback,2001,104077.82960794325,3.563305258760825,212.01493182019578,Electric,Manual,Silver,2,Yes,23.077640973467012,45.56231557438032,2,97.56019191566524,40321.0
Audi,Sedan,2013,69655.89242462852,1.8641527300383984,443.33667071964834,Gasoline,Manual,Silver,4,No,22.229758297891642,43.41191899395194,1,6.527675756646389,6779.0
Audi,Sedan,2020,44675.86661084155,3.4783518195913183,216.8872921847591,Electric,Manual,Black,2,Yes,26.10814883978241,27.175166541959612,5,82.18393227529025,27279.0
BMW,Truck,2007,149583.05252286812,3.6008043695926135,464.3080646575661,Gasoline,Automatic,Red,2,No,36.900290506945964,26.195630493262968,2,64.63099336573814,21459.0
Audi,Truck,2007,66796.28882421608,1.6080994125145924,401.5847614387136,Gasoline,Automatic,Silver,3,No,37.28766757020395,57.3926198769868,4,64.73421343730912,25710.0
Audi,SUV,2018,70451.11852780294,1.2453985084426726,421.96271073657545,Gasoline,Manual,Red,4,No,22.60957738597803,28.422260440535524,3,12.83499266146948,27219.0
Ford,Truck,2006,,4.123046344273759,107.2026222401818,Diesel,Automatic,Black,4,No,15.328396965465148,49.89773835235497,3,65.01871664456533,10057.0
Audi,Hatchback,2018,120247.38456873976,2.8392016950772807,485.1241428296104,Gasoline,Manual,Silver,4,No,35.29585025862034,32.69048091931856,2,98.24825806012478,23733.0
Toyota,Hatchback,2005,105583.92273831586,1.2326551820219032,390.6683968281293,Gasoline,Manual,White,3,Yes,15.133034487550582,21.26643318531168,5,91.1818569539447,24157.0
Audi,Sedan,2005,,4.979465268679069,221.90043815445333,Gasoline,Manual,Black,2,No,33.1397003291732,15.482188396291154,2,43.91306608048505,40030.0
Audi,Truck,2002,16945.25161429719,1.2311222439854665,431.7578659435388,Electric,Manual,Blue,4,No,37.73688512225236,39.49158016568629,5,3.994797328609434,24613.0
BMW,SUV,2006,103672.3988008334,3.7801409154342127,212.608479365972,Gasoline,Manual,Red,4,No,38.02445985577806,58.91004683470197,4,36.229349000020484,48076.0
Toyota,Hatchback,2018,99904.12607076461,4.934715701053655,449.1015358264512,Electric,Automatic,Black,1,No,40.13888442638387,31.6111287214142,5,82.63903116005552,22492.0
Audi,Hatchback,2007,44622.631414740354,1.9567204168637025,145.0321561647748,Gasoline,Automatic,Black,4,No,44.91437686262658,31.073655029687018,2,70.1499101465166,25746.0
Audi,SUV,2009,142875.2165263095,1.5689974747487847,381.4743909843183,Gasoline,Manual,Silver,2,Yes,29.998359678591537,30.484122803224892,4,45.93436555939564,10188.0
Ford,SUV,2019,26903.394308230534,1.4855397576897156,316.27939065796414,Diesel,Automatic,Silver,2,Yes,39.20996758118285,38.42447267871863,1,5.510153515883109,46570.0
Audi,Hatchback,2014,67688.54615117729,2.213100590270382,138.61378807817633,Electric,Manual,Silver,1,No,34.76690941463347,34.82991975409321,3,42.68947278233026,34680.0
Audi,Hatchback,2014,141824.30842430182,1.4041832440425868,196.7575313035356,Gasoline,Automatic,Blue,4,Yes,17.465597591907304,54.59615820271565,2,46.90249397178835,42825.0
Ford,SUV,2000,65860.46095428773,3.7686453667765276,104.96161451092591,Electric,Manual,Silver,4,Yes,11.027585794776327,37.748435627557065,2,92.85555328941359,41766.0
BMW,Hatchback,2019,97586.26241129241,1.2491671925202508,287.5071861858023,Electric,Automatic,Black,4,No,21.38165542707735,37.8491027184856,2,64.10861035821594,13864.0
Audi,Sedan,2006,62651.18770460517,3.037688512599159,220.50610430400013,Diesel,Manual,Silver,3,Yes,27.721348253504775,21.226721762425047,4,31.16529166546489,41445.0
Ford,Sedan,2003,44761.20434055715,4.986787415411907,339.34299371910356,Diesel,Manual,White,4,No,34.68423777714625,59.223279340967366,1,52.53182644507214,10796.0
Toyota,SUV,2005,147676.75895417508,4.255881078024075,218.8951230834469,Diesel,Automatic,Silver,2,Yes,43.998373220128215,26.248780089097338,5,6.605530782216007,44131.0
BMW,Truck,2024,64353.43091568124,3.4608777529240435,219.96764460279388,Diesel,Automatic,Blue,2,Yes,17.849828668246627,18.30138303568212,1,97.25682356497369,19684.5
Toyota,SUV,2000,134644.3845334745,2.2250144831464467,397.27727949264136,Diesel,Manual,White,3,Yes,15.021991595939085,44.841581203884395,4,36.0059901930726,13222.0
Toyota,SUV,2004,38343.417854207495,3.495583345166554,119.25713439134138,Diesel,Automatic,Black,3,No,48.5391978989731,41.79148665705927,2,47.78673549131358,29074.0
Ford,Truck,2022,35900.182083637075,3.1081658556466065,461.1579980767949,Diesel,Manual,Black,4,Yes,14.321782375056284,33.681554429673554,3,35.52839742369226,34825.0
Audi,Truck,2000,9514.442018254147,2.704333535561486,440.90554975647257,Diesel,Automatic,Red,1,Yes,29.13964280428757,33.99865052463051,2,68.25117301162001,41839.0
Ford,Truck,2003,99491.68967950334,1.522841506960798,367.12187329056263,Gasoline,Automatic,White,3,No,33.42254915173207,50.3278764470894,5,66.2232158329593,46576.0
Ford,Sedan,2021,58436.31983994537,4.546416860961867,337.28862804295375,Electric,Manual,Red,3,No,31.65497683629753,23.80706880448421,3,71.53223105291356,7786.0
Ford,Hatchback,2001,130331.94622674737,2.79913859528529,456.9209992558609,Diesel,Automatic,White,4,Yes,13.441286281317728,51.911399352520036,2,26.814322961192083,38638.0
Ford,Sedan,2009,73615.43647027579,1.7784900472830603,174.1320718114858,Diesel,Automatic,White,4,No,12.281076560144776,44.193620125275814,3,31.566848116406597,41964.0
BMW,Hatchback,2004,145388.04704763464,2.4710374035091585,131.58766487633144,Electric,Manual,Blue,3,Yes,14.219337098441427,33.8536398200786,1,12.525123109620795,49564.0
Audi,Sedan,2009,31901.199776952566,2.656519010115708,195.80406796381524,Gasoline,Automatic,Red,1,Yes,33.4235073549045,35.61128774627409,4,65.55099718461126,30988.0
Toyota,Hatchback,2000,130950.35935356356,4.310151582267498,417.8313114800761,Electric,Manual,Blue,3,No,31.773795505372846,26.54912432337431,2,3.979712733565255,40507.0
Toyota,Sedan,2021,117606.54365480255,3.934457522245608,113.86810669059332,Electric,Manual,White,4,No,19.34963168146977,48.845144971363865,5,59.768233552345905,38708.0
Audi,Truck,2005,116783.66747338754,4.077219574565359,333.1227340333959,Diesel,Manual,Black,4,No,35.51096567382366,38.07936340373705,1,86.96958848516338,38108.0
Toyota,SUV,2012,127493.56807694871,1.0441250577145889,498.17500647652395,Electric,Manual,White,3,Yes,42.802700082225975,29.43845442374296,2,89.08321482896335,34715.0
Audi,Sedan,2014,115348.47868673484,2.664615992719046,442.27843753501577,Electric,Manual,Blue,1,No,11.66315839386375,41.82225520924276,1,44.90377603699617,28806.0
Toyota,Hatchback,2003,95801.94663655524,2.9253766065412945,308.5782756174358,Diesel,Automatic,Red,3,Yes,29.925197741921696,59.808050342309535,5,45.930368821307376,41901.0
Ford,Truck,2012,24030.507263946198,1.0767691072922267,125.45636371465693,Diesel,Manual,Red,3,No,37.57241648410761,34.58680258454493,2,7.696918300801736,22043.0
Toyota,Sedan,2023,,2.039252834980137,432.54940575428395,Diesel,Manual,Blue,4,Yes,20.092477082787482,56.43111303503788,5,67.07650254430358,15225.0
Audi,Sedan,2019,138522.9379332746,4.0411592924885404,339.59140327088426,Diesel,Automatic,Red,1,No,22.310836211725963,30.525757796605475,3,82.12594203728455,14752.0
Audi,Truck,2023,94414.29560550701,1.5484388229159962,145.97319882382675,Electric,Automatic,Silver,2,Yes,34.54551611957535,17.462971811624364,5,24.465505460471306,8457.0
Audi,Sedan,2014,120497.90719154557,3.1412405258103666,137.5429139293425,Electric,Automatic,Black,1,No,45.917411737749475,24.1908947865793,3,42.13008816333647,47616.0
Audi,SUV,2007,74820.74096931976,1.86080748806895,463.85072777463694,Gasoline,Manual,Black,3,Yes,42.39697681211597,33.84128144974579,2,83.88393367652704,14241.0
Audi,Sedan,2004,22009.687399547198,1.048483098575573,367.68010517523135,Gasoline,Manual,Black,3,No,33.32520876398334,24.883571786755606,3,87.7120467662288,5453.0
BMW,SUV,2014,23151.939869369813,1.964805830398166,431.7147197267022,Electric,Manual,Red,3,No,39.20886871028997,15.0102167198215,2,24.317998026422593,14896.0
BMW,SUV,2003,,4.903495019640215,451.5915601129069,Gasoline,Automatic,Red,1,Yes,24.592898808311947,56.175069198638724,2,55.057063454136426,26826.0
Toyota,Truck,2011,67394.35476042208,4.206148447531959,328.70894081932886,Electric,Manual,White,4,No,35.63862112395031,52.9745735053918,4,19.249315063582706,15976.0
Audi,Sedan,2012,34076.08537154882,4.838306577284134,306.9785407020165,Gasoline,Automatic,White,3,Yes,28.647263645102278,48.403150416912624,2,10.187876413955655,38586.0
Toyota,Truck,2001,76281.20927750834,2.95141617570545,272.17096412839607,Diesel,Manual,Black,3,Yes,17.59744545830244,22.55165680407129,3,91.11205013919576,9868.0
Audi,Sedan,2018,14310.295875894442,1.438944794710014,226.77863511644773,Gasoline,Automatic,Silver,1,No,38.069530955090286,20.41636092944937,4,82.05075042321091,21396.0
Audi,Sedan,2018,89385.85327758783,3.191837955894772,273.8383843434847,Diesel,Manual,White,2,Yes,32.25858549395288,18.04221372625724,4,76.00349018031739,36634.0
BMW,Hatchback,2003,44004.043643089164,2.8175093382398435,409.55186229206254,Diesel,Manual,White,2,No,24.344863278143656,47.581313494781455,2,4.876631881314042,17171.0
BMW,Sedan,2003,120646.06959239228,4.377428330958464,340.76937240605264,Diesel,Manual,Red,4,No,46.45356760314523,56.79635823095484,5,84.37287927102575,29111.0
Ford,Truck,2010,50002.48404391819,1.3923303231369784,457.0093159819384,Diesel,Automatic,Silver,4,Yes,10.83736471306933,34.37411194108667,5,43.804407590538375,38688.0
BMW,SUV,2004,71006.92161686117,2.9529645480871127,277.35200575167505,Gasoline,Automatic,Black,3,No,22.63092604997984,20.361330239822166,4,34.23951232958596,26304.0
Ford,Sedan,2019,6684.978286674592,1.600194658775937,342.8358314875016,Electric,Manual,White,1,Yes,12.275255911105862,38.057676932944794,2,54.647636102537646,47274.0
Ford,Hatchback,2010,15504.798730211038,2.29870370756024,352.5230212367955,Diesel,Manual,Silver,3,Yes,40.661092648865086,30.697435835638355,5,9.135324272355582,44243.0
Ford,Truck,2009,61911.5656789693,3.9494283095511986,336.67886492253024,Gasoline,Manual,Silver,4,No,38.084298164551704,31.867121595749897,2,75.66465493523988,33253.0
Ford,Sedan,2007,,2.904072517475066,381.05350923420656,Diesel,Automatic,Black,1,No,23.25408874945268,42.95987808700683,2,58.24350768882959,35980.0
Ford,Truck,2005,92002.97947729904,2.5035531405830773,194.97338734992252,Gasoline,Manual,Silver,1,Yes,37.02651608828292,47.342315096799105,4,18.659009687316754,7017.0
Toyota,Hatchback,2005,47291.073912848966,2.5779051142801412,304.94551101831627,Gasoline,Manual,Silver,4,Yes,25.837489047837995,19.97716194929224,4,18.82321997690456,12957.0
BMW,Hatchback,2007,105772.37348834868,2.8377870736239466,141.68992112333908,Gasoline,Manual,Silver,2,No,40.25015165689737,16.60156038629144,1,18.424865157267423,47188.0
Ford,Truck,2022,129717.74759243467,4.1400661753482275,253.80453105792503,Electric,Manual,White,2,No,28.167346509468242,59.74486362085717,5,5.700238755193398,9792.0
Audi,Sedan,2014,118078.39338953572,4.568338755760937,295.06682744850576,Gasoline,Automatic,Black,1,No,26.49118911326662,25.472775701199833,5,58.77984493716848,18237.0
BMW,SUV,2013,10744.729675511786,4.821338746015713,360.889703818189,Gasoline,Automatic,Silver,3,No,47.389196619532036,17.42237362088066,5,84.0348177588508,21251.0
BMW,Hatchback,2010,74673.50735238519,4.14761354502118,480.2124210344814,Electric,Manual,Silver,2,Yes,20.03516399562801,23.5443898093164,3,1.74982139873886,24252.0
Ford,Sedan,2011,20214.875870635355,2.261627582992051,340.26042661934235,Electric,Manual,White,3,No,14.817893599862618,16.75310308568089,2,4.900464497127355,15707.0
Toyota,Sedan,2012,40096.52730006648,3.7525388243461686,397.4375664706239,Gasoline,Automatic,Black,2,Yes,33.38172453037833,32.631490257772725,4,57.27702766869458,39206.0
Ford,SUV,2007,148066.07602373624,2.7504124962215677,302.5064237980811,Electric,Automatic,Red,2,Yes,48.77287249136715,51.108080300309595,5,81.94956853860523,33740.0
Toyota,Hatchback,2017,25661.853720719417,2.0186824881842047,353.6416125505325,Diesel,Manual,White,3,No,25.113568549087468,30.356000239097426,1,32.67388905686336,8543.0
Audi,Hatchback,2024,,4.363486317703691,128.37288645350938,Diesel,Automatic,Black,4,Yes,12.48147054515126,34.9882533095265,5,34.96143988077222,49135.0
BMW,Sedan,2000,,1.1537053958493,201.7566323367388,Electric,Automatic,Silver,2,No,23.572210692382697,45.40140481053474,2,59.63464974967759,44111.0
Audi,Sedan,2014,106857.42072889507,4.6070479685416945,244.74123728205547,Electric,Manual,Black,2,Yes,30.237266172782338,37.90023315314461,2,27.4212889124147,40031.0
Toyota,SUV,2007,86149.05910560254,2.8459098584989366,288.9973420026054,Gasoline,Automatic,Black,3,No,16.47692026528855,53.76505587095959,4,2.660836607768413,47929.0
Toyota,SUV,2010,6416.77287578163,3.5488059072331217,118.25949820095349,Electric,Automatic,Black,4,Yes,36.32408872225968,53.97160537705904,3,73.52285181015961,5211.0
Audi,Hatchback,2011,52336.88969537882,3.637415688823131,156.00963902132708,Gasoline,Manual,Red,2,Yes,49.90997556040802,15.445981297101914,4,62.56499129414531,44795.0
Toyota,Truck,2011,80068.18829078316,4.580470962826146,210.72572311652232,Diesel,Manual,Black,2,No,28.069579039257754,50.01208379174396,5,58.07559990556591,5331.0
Audi,Hatchback,2003,17740.642376000837,3.5466787286688293,488.6130763604203,Electric,Automatic,Red,4,No,24.189142269208507,35.73301201087533,1,74.16841289918231,28244.0
BMW,Sedan,2015,55840.90502533121,3.455734339040247,232.5388028412203,Gasoline,Manual,Silver,2,Yes,26.028166673378664,59.497824358664836,4,67.52308375620375,13169.0
Audi,Hatchback,2003,,1.2666081622427598,292.816423244833,Gasoline,Automatic,Red,4,Yes,14.605847135808045,36.745443414394586,3,20.588198817832115,27104.0
BMW,Truck,2004,16393.882087478007,3.0736320877808163,178.43908509535717,Diesel,Manual,Silver,4,No,45.33094405704895,59.410317542473386,4,35.24810469433511,46901.0
Audi,SUV,2023,62553.87504923143,1.6006760032681666,344.3120284303073,Electric,Automatic,Silver,3,Yes,26.593026220854078,48.95562125425815,2,12.6110141678625,19591.0
Toyota,Truck,2004,24243.784336243752,3.9497350748859423,212.27328620638974,Diesel,Manual,Red,1,No,25.490976456993653,26.187219807598787,5,12.985701341788102,36711.0
Audi,Truck,2007,87293.42299792593,3.048887683250698,182.7970313753707,Gasoline,Automatic,White,4,Yes,36.38761091721897,39.227774067913096,5,67.61957463565392,5727.0
Toyota,Truck,2009,104972.42052490353,3.7209111168334132,306.62905137839164,Gasoline,Automatic,Blue,3,No,27.68133683724494,59.64610377653622,5,85.86001069824982,26359.0
Audi,SUV,2016,121085.07137081702,1.166691602409537,102.20231966416833,Electric,Automatic,Black,1,Yes,35.92933875231384,53.58887734883657,5,96.27325838611391,48822.0
Audi,Truck,2008,34021.78541549746,1.3391680641832129,103.06561305969014,Gasoline,Manual,Blue,2,No,12.4578516052315,19.38151022060495,5,62.834711754944436,41011.0
Ford,Truck,2021,29284.974427565114,3.865293552250729,187.6275236407431,Electric,Manual,Black,1,No,42.5489337488891,46.78673985644983,5,18.410132336095696,42863.0
Toyota,Truck,2018,20162.336848488038,1.2883373439946935,114.68854500032846,Diesel,Automatic,Black,4,Yes,47.6201581151761,30.551081364186587,1,10.56503454489307,27998.0
Ford,Sedan,2013,97282.38618382732,1.2850269110610344,143.21030165227654,Electric,Automatic,Silver,4,No,35.95061544637544,15.314201784615666,3,81.28509715367578,15929.0
Toyota,Truck,2007,107438.98034060067,1.0484339009395498,235.54425973550065,Electric,Manual,Black,4,Yes,48.18263715435243,33.156643606214985,5,57.875647635999925,19842.0
Ford,SUV,2008,9579.990999718095,4.82600559319792,421.03427183192514,Gasoline,Manual,Black,4,No,16.05729257479853,25.56394897762371,3,61.82850210137198,28519.0
BMW,Truck,2021,140750.77570533502,3.950033437836028,328.81945734772034,Gasoline,Manual,Red,4,No,29.09664757921415,51.84911717342122,5,78.14620887547092,22393.0
Audi,Truck,2010,12535.8361294635,2.4130056340082566,305.06709038256656,Electric,Manual,Blue,3,No,34.07226935781789,30.179877398059446,4,70.32772277324516,39318.0
Toyota,SUV,2022,83487.96861865521,2.186142325150621,217.39552928324866,Gasoline,Manual,Red,4,Yes,33.269465896847464,52.238566227921766,5,83.44582528560966,13995.0
Toyota,Truck,2000,107813.77532038288,2.398812918983398,472.70148777312653,Gasoline,Manual,Black,3,No,26.05847116356173,15.02690724756579,2,5.621390545987848,33656.0
Audi,SUV,2013,,4.098614124724728,258.80601649487664,Gasoline,Automatic,Silver,2,Yes,23.523376374650454,28.851861751175363,1,74.75206367465049,67890.0
Toyota,Truck,2004,108542.60515920204,3.6454824442816576,134.8371067183086,Electric,Manual,Red,4,No,15.072960902016753,25.852434643849286,4,85.08527573220954,20567.0
Toyota,SUV,2020,121250.57204511981,1.7407822714698717,346.8266064471205,Gasoline,Automatic,Red,4,Yes,25.669698022491126,25.510531248087496,4,28.613504245831432,33840.0
Ford,Truck,2013,54220.27791870688,1.6964373413363374,145.53535739064057,Electric,Manual,White,1,Yes,16.506432604219405,18.068397889445823,2,64.04472739932528,28831.0
Toyota,Truck,2003,123149.64149324427,1.3935825988535893,238.08925712067685,Gasoline,Manual,Black,2,Yes,39.374627059688734,23.420592168472577,5,31.416206383697208,18265.0
BMW,Sedan,2021,16616.652725777894,3.6412108788053525,302.9647754871236,Diesel,Automatic,Silver,4,No,18.3532374197836,39.999730644852896,1,95.7971066482454,10424.0
BMW,Sedan,2022,134748.4151287765,4.057490648886944,449.68900987407034,Gasoline,Automatic,Red,4,Yes,12.342612211381354,28.1112482776985,4,3.3423572435503757,25625.0
Audi,Truck,2024,84400.89454229176,2.060185713300016,297.41863213604745,Gasoline,Manual,Red,2,No,32.09464551268937,33.78276520481165,1,57.97928438329551,19086.0
Toyota,Truck,2000,123508.1766445616,1.0837798441236512,380.9035064126657,Electric,Automatic,Silver,3,Yes,33.80918930877606,31.959009615623483,4,16.65035470495151,34187.0
Audi,Hatchback,2021,70586.15125515353,1.3286866699057094,497.12673559962815,Electric,Automatic,Black,4,Yes,44.87652245122022,54.41572162499526,5,71.22202051771586,40929.0
Ford,Truck,2013,42616.39784753741,3.3414174575870086,230.77264653523164,Diesel,Automatic,Blue,3,No,30.097091486655057,17.791863763044944,1,29.785939839021125,40310.0
Audi,Truck,2023,103620.41190524356,2.4405456298860764,430.39128508323273,Gasoline,Manual,Blue,1,No,37.054442714908966,45.714321544522065,5,76.77646177143377,25612.0
Audi,Hatchback,2023,112808.69716228313,2.987853931623321,436.579021233904,Electric,Manual,Blue,3,No,10.649737728378149,57.85740385794261,4,8.14472128911592,37463.0
Audi,Sedan,2010,64225.71589525131,3.143310737892325,166.381958118314,Electric,Automatic,Black,3,Yes,11.114089632842976,27.112270694623312,2,75.1798163586933,27760.0
Ford,Hatchback,2000,120987.83237911246,3.626946658165169,164.0286539818292,Diesel,Manual,Red,4,Yes,24.186648199403315,24.921943773663717,2,45.68880717372669,39881.0
Ford,Sedan,2003,44761.20434055715,4.986787415411907,339.34299371910356,Diesel,Manual,White,4,No,34.68423777714625,59.223279340967366,1,52.53182644507214,10796.0
Ford,Hatchback,2003,119020.02709025504,1.9277883844639017,110.86696849022393,Diesel,Manual,Silver,3,No,42.93092850720121,21.92026674809473,4,7.266558758115671,43169.0
Toyota,Sedan,2004,65576.18341426339,2.0992241421925444,283.6959510387832,Diesel,Manual,Black,1,Yes,49.536839758539244,41.45962332587247,1,24.160127643576303,17454.0
Ford,Sedan,2021,58436.31983994537,4.546416860961867,337.28862804295375,Electric,Manual,Red,3,No,31.65497683629753,23.80706880448421,3,71.53223105291356,7786.0
BMW,Truck,2020,27642.1266180976,4.482999605090045,316.89488219673933,Electric,Automatic,Silver,4,Yes,32.487552442581006,39.96091611547652,2,36.82501073951331,6132.0
